address,level,memo,name,ssq
上海市崇明区三星镇北桥村三官428号,一级,,上海市崇明区三星镇北桥村中心卫生室,崇明区
上海市崇明区港西镇团结村894号,一级,,上海市崇明区港西镇团结村卫生室,崇明区
上海市崇明区长兴镇新港村,一级,,上海市崇明区长兴镇新港村卫生室,崇明区
上海市崇明区三星镇新安村555号,一级,,上海市崇明区三星镇新安村中心卫生室,崇明区
上海市崇明县长兴镇凤西路1512号,一级,,上海市崇明区长兴镇北兴村卫生室,崇明区
公园东路1158号,二级,,复旦大学附属中山医院青浦分院,青浦区
青浦镇车站路78号,二级,,青浦区中医医院,青浦区
青浦镇青安路95号,二级,,青浦区中医医院（青安路执业点）,青浦区
青浦区朱家角镇石家滨东路99号,二级,,青浦区朱家角人民医院,青浦区
川沙新镇七新路256号1号楼101室,一级,,浦东新区川沙社区卫生服务中心七灶中心村卫生室,浦东新区
大团镇永定南路169号,一级,,浦东新区大团社区卫生服务中心,浦东新区
大团镇三宣公路368号,一级,,浦东新区大团社区卫生服务中心三墩分中心,浦东新区
航头镇沪南公路5395号,一级,,浦东新区航头社区卫生服务中心,浦东新区
上海市崇明区横沙乡富民村村委会楼下,一级,,上海市崇明区横沙乡富民沙村中心卫生室,崇明区
上海市崇明区横沙乡原民主小学内,一级,,上海市崇明区横沙乡民主村中心卫生室,崇明区
上海市崇明区横沙乡惠丰村原惠丰加工场,一级,,上海市崇明区横沙乡惠丰村中心卫生室,崇明区
上海市崇明区横沙乡新联村原新联小学内,一级,,上海市崇明区横沙乡新海村中心卫生室,崇明区
上海市崇明区横沙乡公平村委会东侧,一级,,上海市崇明区横沙乡胜利村中心卫生室,崇明区
青浦区金泽镇练西公路4865号,二级,,青浦区精神卫生中心,青浦区
华科路550弄2号,二级,,青浦区妇幼保健所,青浦区
白鹤镇外青松公路2961号,一级,,青浦区白鹤镇社区卫生服务中心,青浦区
白鹤镇新赵路1号,一级,,青浦区白鹤镇社区卫生服务中心赵屯分中心,青浦区
华新镇华志路800号,一级,,青浦区华新镇社区卫生服务中心,青浦区
华新镇凤中路250号,一级,,青浦区华新镇社区卫生服务中心凤溪分中心,青浦区
航头镇航南路大治河桥东侧,一级,,浦东新区航头社区卫生服务中心航西分中心,浦东新区
六灶镇崇溪路120号,一级,,浦东新区六灶社区卫生服务中心,浦东新区
新场镇牌楼西路58号,一级,,浦东新区新场社区卫生服务中心,浦东新区
新场镇申江南路5500号,一级,,浦东新区新场社区卫生服务中心坦直分中心,浦东新区
浦东新区南汇新城环湖西三路222号,三级,,上海市六人民医院东院,浦东新区
浦东新区惠南镇听悦路685弄43号,一级,,浦东新区惠南社区卫生服务中心西城社区卫生服务站,浦东新区
三新北路1800弄18号楼312、316室,一级,,上海霞满径护理站（仅提供居家护理服务）,松江区
中山中路746号,二级,,松江区中心医院,松江区
乐都路279号,二级,,上海市第五康复医院,松江区
泗泾镇泗通路389号,二级,,松江区泗泾医院,松江区
南奉公路4999号二楼,一级,,上海兰公馆护理院,奉贤区
上海市奉贤区南桥镇金海公路2488号,一级,,上海馨岚老年护理院,奉贤区
南桥镇南奉公路6600号,二级,,奉贤区中心医院,奉贤区
外冈镇周泾村凯泉路680号,一级,,外冈镇社区卫生服务中心周泾村卫生室,嘉定区
上海市嘉定区江桥镇嘉峪关路368号,一级,,上海市嘉定区江桥镇社区卫生服务中心嘉峪关路社区卫生服务站,嘉定区
嘉定区黄渡镇顾家村,一级,,嘉定区黄渡镇社区卫生服务中心顾家村社区卫生服务站,嘉定区
顾村镇顾陈路,一级,,顾村镇社区卫生服务中心白杨村卫生室,宝山区
顾村镇羌介村老年活动室,一级,,顾村镇社区卫生服务中心羌介村卫生室,宝山区
顾村镇潘泾路,一级,,顾村镇社区卫生服务中心杨木桥村卫生室,宝山区
廊下镇中华村一组5091号,一级,,廊下镇社区卫生服务中心廊下镇中华村卫生室,金山区
吕巷镇白漾村6002号,一级,,吕巷镇社区卫生服务中心吕巷镇白漾村卫生室,金山区
七宝镇联明村,一级,,七宝社区卫生服务中心联明村卫生室,闵行区
沪青平公路249弄125号,一级,,龙柏社区卫生服务中心虹光村卫生室,闵行区
上海市杨浦区翔殷路505弄11号一楼1，2，3门面,一级,,上海慈安堂中医门诊部,杨浦区
上海市杨浦区黄兴路1868弄6号1楼,一级,,上海中和堂中医门诊部,杨浦区
开鲁五村1号,一级,,上海华康护理院,杨浦区
静安区场中路2516号,一级,,上海闸新中西医结合医院,静安区
北京西路1400弄24号,三级,,上海市儿童医院第二执业点,静安区
静安区康定路253号,二级,,静安区牙病防治所昌平分所,静安区
浦东新区耀华路395号,三级,,上海市第一妇婴保健院浦东分院（基本医疗服务的费用纳入医保联网结算）,静安区
静安区华山路2号3楼,一级,,上海雷允上西区门诊部（限于中医科的中药饮片和中药煎药费）,静安区
闸北区三泉路22号,一级,,上海市公安消防总队职工医院,闸北区
闸北区保德路1278号,三级,,上海市皮肤病医院,闸北区
普善路铁路新村2号,一级,,闸北区天目西街道社区卫生服务中心普善路社区卫生服务站,闸北区
九亭镇九新公路155号,二级,,松江区九亭医院,松江区
松江区中山东路39号,二级,,松江区方塔中医医院,松江区
塔汇镇塔汇路209号,二级,,松江区精神卫生中心,松江区
松江区西林北路1010号,二级,,松江区妇幼保健院,松江区
车墩镇虬长路168号,一级,,松江区车墩镇社区卫生服务中心,松江区
松江区华阳镇华阳街156号,一级,,松江区车墩镇社区卫生服务中心分中心,松江区
南桥镇南奉公路9220号,二级,,奉贤区古华医院,奉贤区
川南奉公路9983号,二级,,奉贤区奉城医院,奉贤区
奉贤区南奉公路9588号,二级,,奉贤区中医医院,奉贤区
奉炮公路1180弄1号,二级,,奉贤区精神卫生中心,奉贤区
三三公路5020弄8号,二级,,上海市东海老年护理医院,农场局
上海市闵行区江月路2600号,三级,,复旦大学附属眼耳鼻喉科医院浦江院区执业点,徐汇区
上海市徐汇区南宁路969号1楼,二级,,上海市第八人民医院南宁路执业点,徐汇区
吴中东路518号,三级,,上海伽玛医院,徐汇区
枫林路180号,三级,,复旦大学附属中山医院,徐汇区
延安西路1474号,二级,,复旦大学附属中山医院分部,徐汇区
嘉定区黄渡镇老宅村,一级,,嘉定区黄渡镇社区卫生服务中心老宅村社区卫生服务站,嘉定区
大场镇祁华路226号,一级,,大场镇祁连社区卫生服务中心葑村社区卫生服务站,宝山区
盛桥练祁河南钱潘村委会内,一级,,月浦镇盛桥社区卫生服务中心钱潘社区卫生服务站,宝山区
月塘路309号,一级,,月浦镇社区卫生服务中心沈巷社区卫生服务站,宝山区
月罗路月新南路,一级,,月浦镇社区卫生服务中心新镇社区卫生服务站,宝山区
月新北路381号,一级,,月浦镇社区卫生服务中心段泾社区卫生服务站,宝山区
月罗路月春路南首,一级,,月浦镇社区卫生服务中心长春社区卫生服务站,宝山区
罗泾镇牌楼村,一级,,罗泾镇社区卫生服务中心牌楼村社区卫生服务站,宝山区
甜爱支路1号,一级,,上海自在堂中医门诊部,虹口区
虹口区广粤路281号,二级,,上海康平医院,虹口区
汶水东路141弄25号,一级,,虹口区江湾镇街道社区卫生服务中心纪念社区卫生服务站,虹口区
吕巷镇马新村马村5080号,一级,,吕巷镇社区卫生服务中心吕巷镇马新村卫生室,金山区
吕巷镇金张公路1625号,一级,,吕巷镇社区卫生服务中心吕巷镇龙跃中心卫生室,金山区
金山工业区朱漕路655号,一级,,工业区社区卫生服务中心金山工业区红光村卫生室,金山区
金山工业区亭朱公路365弄69号,一级,,工业区社区卫生服务中心金山工业区高楼村卫生室,金山区
朱泾镇待泾村蒋泾7088-1号,一级,,朱泾镇社区卫生服务中心朱泾镇待步泾中心卫生室,金山区
朱泾镇朱平公路5198号,一级,,朱泾镇社区卫生服务中心朱泾镇新泾村卫生室,金山区
朱泾镇新民村5组6081号,一级,,朱泾镇社区卫生服务中心朱泾镇温河村卫生室,金山区
张堰镇鲁堰村8组2188号,一级,,张堰镇社区卫生服务中心张堰镇鲁堰村卫生室,金山区
上海市延安西路1358号1A室,一级,,上海源生中医门诊部,长宁区
长宁区武夷路196号,三级,,上海市皮肤病医院门诊部,长宁区
汇川路18号,一级,,上海新视界眼科医院,长宁区
上海市长宁区广顺路18号1楼,一级,,上海金之福护理院,长宁区
上海市闵行区芦恒路196弄19号301室,一级,,上海弘元中医门诊部,闵行区
闵行区瑞丽路126号,二级,,上海道培医院,闵行区
莘松路958弄大浪湾道68号,一级,,闵行区莘庄第二社区卫生服务中心,闵行区
"繁兴路1008,1030,1034,1038号",二级,,闵行区牙病防治所第二执业点,闵行区
疏影路693号,一级,,闵行区莘庄社区卫生服务中心新天地社区卫生服务站,闵行区
闵行区双柏路1328号,一级,,上海同心护理院,闵行区
闵行区鹤翔路28弄11号201甲、12号,一级,,上海都庄门诊部,闵行区
上海市闵行区建设路40号,一级,,上海沪闵医院,闵行区
杨浦区通北路888号,一级,,上海瑞通护理院,杨浦区
上海市杨浦区平凉路675号,一级,,上海瑞江护理院,杨浦区
"杨浦区民星路560号1幢1层-1,2层，2幢1层，3幢1层",一级,,上海同保康中医门诊部,杨浦区
上海市杨浦区许昌路1600号二楼,一级,,上海岳医华氏余天成门诊部（限于中医科的中药饮片和中药煎药费）,杨浦区
上海市静安区江宁路332-2号,一级,,上海雷允上西区金雷中医门诊部(限中医科的中药饮片和中药煎药费费用),静安区
新闸路848号二层北部202、203,一级,,上海福苑护理站（仅提供居家护理服务）,静安区
上海市静安区平型关路88号,一级,,上海平安中医门诊部(限中医科的中药饮片和中药煎药费费用),静安区
上海市静安区安业路40号,一级,,上海太乙堂中医门诊部,静安区
静安区徐家宅路93号3楼,一级,,上海康芷护理站（仅提供居家护理服务）,静安区
上海市梅川路1343号二楼西侧,一级,,上海御泰堂中医门诊部,普陀区
上海市普陀区梅川路1293弄1、5号1层，3、4号1-2层，6、8号2层，2、7号3-4层,二级,,上海摩尔星象口腔医院,普陀区
黄浦区建国中路1号405-406室,一级,,上海黄南中医门诊部,黄浦区
净土街77号,二级,,黄浦区牙病防治所分所,黄浦区
铁道路135号,二级,,黄浦区传染病医院,黄浦区
海宁路1020号,一级,,闸北区北站街道社区卫生服务中心,闸北区
晋元路20号,一级,,闸北区北站街道社区卫生服务中心晋元路门诊部,闸北区
平顺路15号,一级,,闸北区彭浦新村街道社区卫生服务中心,闸北区
长临路200弄120号,一级,,闸北区彭浦新村街道社区卫生服务中心长临路200弄社区卫生服务站,闸北区
芷江西路335号,一级,,闸北区芷江西街道社区卫生服务中心,闸北区
灵石路789号,一级,,闸北区彭浦镇社区卫生服务中心,闸北区
天通庵路51号,一级,,闸北区宝山街道社区卫生服务中心,闸北区
南桥镇立新路60号,二级,,奉贤区妇幼保健所,奉贤区
南桥镇南奉公路9198号,二级,,奉贤区牙病防治所,奉贤区
邵厂镇青年路3号,一级,,奉贤区四团镇平安社区卫生服务中心邵厂分中心,奉贤区
辛耕路81弄12号2楼,一级,,上海市徐汇区徐家汇街道社区卫生服务中心永新坊社区卫生服务站,徐汇区
嘉定区真新街道铜川路2554号,一级,,嘉定区真新社区卫生服务中心铜川社区卫生服务站,嘉定区
马陆镇北陈路491号,一级,,嘉定区马陆镇社区卫生服务中心北管社区卫生服务站,嘉定区
武进路85号,三级,,上海市第一人民医院,虹口区
松江区新松江路650号,三级,,上海市第一人民医院（松江新区执业点）,虹口区
甘河路110号,三级,,上海中医药大学附属岳阳中西医结合医院,虹口区
青海路44号,三级,,上海中医药大学附属岳阳中西医结合医院青海路门诊部,虹口区
水电路56号,三级,,上海市公共卫生临床中心第二执业点,虹口区
金山区漕廊公路2901号,三级,,上海市公共卫生临床中心,虹口区
虹桥路1286号院内,二级,,上海爱尔眼科医院,长宁区
中山西路1438号,一级,,上海永浩护理院,长宁区
哈密路198号202-02室,一级,,上海悦和堂中医门诊部,长宁区
长宁区虹桥机场新村97号乙,一级,,长宁区程家桥街道社区卫生服务中心机场新村社区卫生服务站,长宁区
上海市长宁区淞虹路681号,一级,,上海市长宁安馨第三敬老院医务室,长宁区
仙霞路1111号,二级,,上海市同仁医院,长宁区
上海市杨浦区平凉路1489号,一级,,上海国东中医门诊部（限于中医科的中药饮片和中药煎药费）,杨浦区
上海市杨浦区凤城路101号,一级,,上海惠生堂中医门诊部,杨浦区
杨浦区怀德路720号,一级,,上海怀德护理院,杨浦区
上海市普陀区中山北路2020号101室西区、201室、301室、401室,一级,,上海岳养中医门诊部,普陀区
金迈路300号,一级,,普陀区桃浦镇社区卫生服务中心槎浦社区卫生服务站,普陀区
真南路685号,一级,,上海九洲医院,普陀区
红柳路238弄30号101室,一级,,普陀区桃浦镇社区卫生服务中心新杨社区卫生服务站,普陀区
桃浦路1945号,一级,,普陀区桃浦镇社区卫生服务中心未来岛社区卫生服务站,普陀区
中潭路100弄224号、226号,一级,,普陀区宜川街道社区卫生服务中心中远两湾城社区卫生服务站,普陀区
铜川路358号,一级,,普陀区石泉街道社区卫生服务中心铜川路社区卫生服务站,普陀区
洪山路160号,二级,,黄浦区肿瘤防治院,黄浦区
西藏南路1350号,一级,,黄浦区半淞园街道社区卫生服务中心,黄浦区
学前街81号,一级,,黄浦区老西门街道社区卫生服务中心,黄浦区
肇周路183号,一级,,黄浦区老西门街道社区卫生服务中心肇周路分中心,黄浦区
宁波路321号,一级,,黄浦区外滩街道社区卫生服务中心,黄浦区
广西北路230号－1,一级,,黄浦区外滩街道社区卫生服务中心金陵分中心,黄浦区
广东路153号,一级,,黄浦区外滩街道社区卫生服务中心广东路分中心,黄浦区
宜山路600号,三级,,上海市第六人民医院,徐汇区
宛平南路725号,三级,,上海中医药大学附属龙华医院,徐汇区
浦东新区上钢二村45号,二级,,上海中医药大学附属龙华医院浦东分院,徐汇区
南昌路218号,三级,,上海市气功研究所医疗门诊部,徐汇区
嘉定区外冈镇望安路701号,二级,,嘉定区精神卫生中心,嘉定区
江桥镇太平村,一级,,嘉定区江桥镇社区卫生服务中心太平社区卫生服务站,嘉定区
马陆镇丰登路2800号,一级,,嘉定区马陆镇社区卫生服务中心仓场社区卫生服务站,嘉定区
马陆镇宝安公路2441号,一级,,嘉定区马陆镇社区卫生服务中心李家社区卫生服务站,嘉定区
四川北路1878号,二级,,上海市第四人民医院,虹口区
真北路1524弄66号乙,一级,,普陀区长征镇社区卫生服务中心星梅社区卫生服务站,普陀区
金泽培育路271号,一级,,青浦区金泽镇社区卫生服务中心,青浦区
金泽镇莲西路2780号,一级,,青浦区金泽镇社区卫生服务中心西岑分中心（莲西路执业点）,青浦区
上海市崇明区横沙乡新民镇南原中心小学门前,一级,,上海市崇明区横沙乡新民村中心卫生室,崇明区
上海市浦东新区申迪东路450弄119号上海国际旅游度假区内,二级,,上海市浦东医院第二执业点,浦东新区
浦东新区张江镇殷家滨路1105号,一级,,浦东新区张江社区卫生服务中心钱堂社区卫生服务站,浦东新区
临港新城主城区古棕路555弄119号楼,一级,,浦东新区泥城社区卫生服务中心临港家园社区卫生服务站,浦东新区
金泽镇商榻社区商蔡路84弄5号,一级,,青浦区金泽镇社区卫生服务中心商榻分中心,青浦区
金泽镇西岑莲西路4152号,一级,,青浦区金泽镇社区卫生服务中心西岑分中心,青浦区
练塘镇朱枫公路3619号,一级,,青浦区练塘镇社区卫生服务中心,青浦区
练塘镇小蒸社区蒸浦路356号,一级,,青浦区练塘镇社区卫生服务中心小蒸分中心,青浦区
练塘镇蒸淀蒸兴路147号,一级,,青浦区练塘镇社区卫生服务中心蒸淀分中心,青浦区
香花桥街道大盈社区新桥路1195弄1号,一级,,青浦区香花桥街道社区卫生服务中心,青浦区
青浦区普光路209号,一级,,上海亚莱菲护理院,青浦区
上海市崇明区横沙乡红旗村原兴红小学,一级,,上海市崇明区横沙乡兴红村中心卫生室,崇明区
上海市崇明区长兴岛凤南路1号,一级,,上海金色晚霞护理院,崇明区
崇明县长兴镇潘圆公路161弄底层东面,一级,,崇明县长兴镇社区卫生服务中心元沙社区卫生服务站,崇明区
新晨路145-147号,一级,,上海娄氏中医医院,崇明区
崇明县城桥镇育麟桥路409号,一级,,上海长华门诊部,崇明区
上海市崇明区长兴镇丰福路699弄18号102室,一级,,上海市崇明区长兴镇社区卫生服务中心壹街区社区卫生服务站,崇明区
东方路1678号,三级,,上海交通大学医学院附属上海儿童医学中心,浦东新区
严桥路306号2号楼1-3楼,一级,,上海申东医院（限门诊结算）,浦东新区
荷泽路88号,二级,,上海开元骨科医院,浦东新区
奚阳路612号,一级,,上海夕阳老年护理院,浦东新区
浦东新区临沂路381弄31号,一级,,浦东新区南码头社区卫生服务中心临沂五村社区卫生服务站,浦东新区
浦东新区川沙新德路390-392号,一级,,浦东新区川沙社区卫生服务中心侨光社区卫生服务站,浦东新区
浦东新区高桥镇上炼二村105号,一级,,浦东新区高桥社区卫生服务中心上炼社区卫生服务站,浦东新区
张堰镇秦望小区3067号,一级,,张堰镇社区卫生服务中心张堰镇秦望村卫生室,金山区
张堰镇秦阳村四组7001号,一级,,张堰镇社区卫生服务中心张堰镇秦阳村卫生室,金山区
上海市宝山区潘泾路305号,一级,,上海市宝山区顾村镇社区卫生服务中心杨木桥村卫生室,宝山区
宝山区少年村路218号1号楼1-2层,一级,,宝山区大场镇第三社区卫生服务中心,宝山区
高境一村211号101-104室,一级,,宝山区高境镇社区卫生服务中心高境一村二居社区卫生服务站,宝山区
爱晖路5-7号,一级,,宝山区张庙街道泗塘社区卫生服务中心泗塘八村爱晖社区卫生服务站,宝山区
九亭镇易富路128号,一级,,松江区九亭镇社区卫生服务中心,松江区
泖港镇新宾路436号,一级,,松江区泖港镇社区卫生服务中心,松江区
松江区五厍2号街70号,一级,,松江区泖港镇社区卫生服务中心分中心,松江区
闵行区新镇路1151号1幢、2幢,一级,,上海众益达中医门诊部,闵行区
闵行区兰坪路48-1,一级,,闵行区江川社区卫生服务中心汽轮社区卫生服务站,闵行区
闵行区沪光路151号,一级,,闵行区颛桥社区卫生服务中心君莲分中心（结算范围限于门诊）,闵行区
上海市青浦区朱家角镇张巷村（15/28丘）康业路888弄76号1-6层,一级,,上海德颐护理院,青浦区
上海市崇明区新河镇北新公路417号,一级,,上海生康护理院,崇明区
上海市崇明区城桥镇青柏路601弄55幢47号103-105室,一级,,上海市崇明区城桥镇金日东苑中心卫生室,崇明区
上海市崇明县长兴镇潘园公路3383号,一级,,上海市崇明区长兴镇石沙村卫生室,崇明区
张堰镇张旧公路1879弄1号,一级,,张堰镇社区卫生服务中心张堰镇桑园村卫生室,金山区
金山卫镇八字村7032号,一级,,金山卫镇社区卫生服务中心金山卫镇八字中心卫生室,金山区
金山卫镇八一村梅园4018号,一级,,金山卫镇社区卫生服务中心金山卫镇八一梅园中心卫生室,金山区
金山区龙航路1508号,三级,,复旦大学附属金山医院,金山区
亭林镇寺平北路80号,二级,,金山区亭林医院,金山区
朱泾镇健康路147号,二级,,上海市第六人民医院金山分院,金山区
漕泾镇（中一东路99号）,二级,,金山区中心医院漕泾分院,金山区
富张路联杨路口,一级,,宝山区罗店镇社区卫生服务中心张士社区卫生服务站,宝山区
德张路111号,一级,,宝山区月浦镇社区卫生服务中心庆安社区卫生服务站,宝山区
宝山区高境路38号,一级,,上海市宝山区高境镇社区卫生服务中心高境六村一居社区卫生服务站,宝山区
大华三路480号,一级,,宝山区大场镇大场社区卫生服务中心大华二村社区卫生服务站,宝山区
宝山区场北路58弄8号,一级,,宝山区庙行镇社区卫生服务中心共和社区卫生服务站,宝山区
宝山区陆翔路108号,三级,,复旦大学附属华山医院北院,宝山区
佘山镇佘新路18号,一级,,松江区佘山镇社区卫生服务中心,松江区
松江区天新路56号,一级,,松江区佘山镇社区卫生服务中心分中心,松江区
小昆山镇文翔路6300号,一级,,松江区小昆山镇社区卫生服务中心,松江区
松江区大港浦港路2号,一级,,松江区小昆山镇港丰中心卫生室,松江区
新浜镇共青路（1237号）,一级,,松江区新浜镇社区卫生服务中心,松江区
新桥镇新南街268号,一级,,松江区新桥镇社区卫生服务中心,松江区
叶榭镇叶权路210号,一级,,松江区叶榭镇社区卫生服务中心,松江区
闵行区申滨路618号,一级,,闵行区新虹社区卫生服务中心,闵行区
虹梅南路4855号,一级,,上海振国医院,闵行区
闵行区虹莘路3079号,一级,,上海圣嘉门诊部,闵行区
闵行区腾冲路225号,一级,,闵行区莘庄社区卫生服务中心春申复地社区卫生服务站,闵行区
瑞丽路22弄4号,一级,,闵行区江川社区卫生服务中心电机社区卫生服务站,闵行区
兰坪路301弄12支弄25号,一级,,闵行区江川社区卫生服务中心东风社区卫生服务站,闵行区
中谊路888弄105-109号,一级,,闵行区七宝社区卫生服务中心华林社区卫生服务站,闵行区
奉贤区光明优化路108号,一级,,奉贤区南桥镇光明社区卫生服务中心,奉贤区
奉贤区柘林镇胡桥社区农交路33弄39号,一级,,奉贤区柘林镇胡桥社区卫生服务中心,奉贤区
南桥镇南中路260号,一级,,奉贤区南桥镇社区卫生服务中心,奉贤区
眉州路185号,二级,,杨浦区中医医院,杨浦区
四平路953号,一级,,上海新医联门诊部,杨浦区
宝源路124号,一级,,上海市静安区宝山路街道社区卫生服务中心宝源社区卫生服务站,闸北区
临汾路385号,一级,,闸北区临汾街道社区卫生服务中心,闸北区
乌鲁木齐中路12号,三级,,复旦大学附属华山医院,静安区
江苏路796号,二级,,复旦大学附属华山医院江苏路分部,静安区
延安西路221号,三级,,华东医院,静安区
金山区枫泾镇白牛路219号,二级,,金山区中西医结合医院,金山区
华山路1328号,二级,,中国人民解放军第八五医院,长宁区
沪闵路9585号,二级,,中国人民解放军第八五医院分院,长宁区
淮海西路338号,二级,,中国人民解放军第四五五医院,长宁区
场中路22号,二级,,上海市虹口区江湾医院,虹口区
中山北一路666号,二级,,上海建工医院,虹口区
长阳路265号,二级,,上海航道医院,虹口区
马陆镇横仓路大桥小队,一级,,嘉定区马陆镇社区卫生服务中心大宏社区卫生服务站,嘉定区
马陆镇立新路80号嘉新小区内,一级,,嘉定区马陆镇社区卫生服务中心嘉新社区服务站,嘉定区
嘉定区安亭镇方南路401弄121号,一级,,嘉定区安亭镇社区卫生服务中心桃园社区卫生服务站,嘉定区
宛平南路650号,三级,,上海市针灸经络研究所医疗门诊部,徐汇区
宛平南路600号,三级,,上海市精神卫生中心,徐汇区
沪闵路3210号、3211号,三级,,上海市精神卫生分中心,徐汇区
衡山路910号,三级,,中国福利会国际和平妇幼保健院,徐汇区
奉贤区南桥镇育秀东路29号,一级,,奉贤区南桥镇社区卫生服务中心育秀社区卫生服务站,奉贤区
齐贤镇金钱公路1926号,一级,,奉贤区金汇镇齐贤社区卫生服务中心,奉贤区
钱桥镇长丰路45号,一级,,奉贤区青村镇钱桥社区卫生服务中心,奉贤区
奉贤区青村镇青村南路182号,一级,,奉贤区青村镇社区卫生服务中心,奉贤区
四团镇天鹏路48号,一级,,奉贤区四团镇社区卫生服务中心,奉贤区
奉贤区奉城镇头桥东路386号,一级,,奉贤区奉城镇头桥社区卫生服务中心,奉贤区
南桥镇西渡社区吴塘路480号,一级,,上海市奉贤区奉浦街道社区卫生服务中心,奉贤区
恒仁路188号,一级,,上海上体伤骨科医院,杨浦区
杨浦区松花江路127号,一级,,上海日月星护理院,杨浦区
闸殷路181弄21号,一级,,杨浦区殷行社区卫生服务中心闸二社区卫生服务站,杨浦区
殷行路850弄53号一楼,一级,,杨浦区殷行社区卫生服务中心新江湾城时代花园社区卫生服务站,杨浦区
政立路501号,一级,,杨浦区殷行社区卫生服务中心政立社区卫生服务站,杨浦区
政和路1011号,一级,,杨浦区殷行社区卫生服务中心政和社区卫生服务站,杨浦区
友谊新村227号103室,一级,,杨浦区延吉社区卫生服务中心友谊社区卫生服务站,杨浦区
兰州路1153号,一级,,杨浦区江浦社区卫生服务中心金鹏社区卫生服务站,杨浦区
闸北区广延路101号,一级,,闸北区大宁路街道社区卫生服务中心,闸北区
梅园路111号,一级,,闸北区天目西街道社区卫生服务中心,闸北区
上海市静安区高平路1011号,一级,,上海市静安区彭浦镇第二社区卫生服务中心,闸北区
彭江路51号,一级,,上海彭江医院,闸北区
场中路2888号,一级,,上海海鹰医院,闸北区
柳营路1025弄61号,一级,,闸北区共和新街道社区卫生服务中心1100弄社区卫生服务站,闸北区
共和新路1725弄30号,一级,,闸北区共和新路街道社区卫生服务中心延新社区卫生服务站,闸北区
闸北区中兴路1618号,二级,,上海新视界中兴眼科医院,闸北区
春申路2869号,二级,,华东医院闵行门诊部,静安区
长乐路536号,三级,,上海市第一妇婴保健院,静安区
康定路380号,三级,,上海市眼病防治中心,静安区
西康路259号,二级,,静安区中心医院,静安区
长乐路666号,二级,,上海邮电医院,静安区
复兴中路1315号,二级,,上海邮电医院（复兴中路执业点）,静安区
石门一路315弄6号,二级,,上海市公惠医院,静安区
南仓街97号,一级,,黄浦区小东门街道社区卫生服务中心南仓街分中心,黄浦区
聚奎街2号,一级,,黄浦区小东门街道社区卫生服务中心聚奎街分中心,黄浦区
天灯弄109号,一级,,黄浦区小东门街道社区卫生服务中心天灯弄分中心,黄浦区
古浪路355弄141号1楼西区,一级,,普陀区桃浦镇第二社区卫生服务中心古浪路社区卫生服务站,普陀区
延长西路526弄32号,一级,,普陀区甘泉街道社区卫生服务中心章家巷社区卫生服务站,普陀区
新村路389号,三级,,上海市同济医院,普陀区
赤峰路50号,二级,,同济大学附属同济医院分院,普陀区
新沪路950号,三级,,上海市同济医院大华门诊部,普陀区
哈密路1713号,二级,,上海一0八医院,长宁区
虹许路831号,二级,,中国人民武装警察部队上海市总队医院,长宁区
虹桥路1448号,二级,,民航上海医院,长宁区
延安西路937号,二级,,上海电力医院,长宁区
新华路540号,二级,,上海市光华中西医结合医院,长宁区
愚园路786号,二级,,长宁区同仁医院,长宁区
娄山关路868号,二级,,长宁区天山中医医院,长宁区
东江湾路15号,二级,,中国人民解放军第四一一医院,虹口区
玉田路333号,二级,,上海曲阳医院,虹口区
保定路230号,二级,,上海市中西医结合医院,虹口区
同心路159号,二级,,虹口区精神卫生中心,虹口区
上海市嘉定区南大街318号二楼,一级,,上海同颐庆堂中医门诊部(限中医科的中药饮片和中药煎药费费用),嘉定区
上海市嘉定区安亭镇新源路941-949号,一级,,上海嘉园医院,嘉定区
嘉定区安亭镇宝安公路4539号,一级,,上海欣安医院,嘉定区
上海市嘉定区新成路街道迎园路450号1号楼105室,一级,,上海市嘉定区新成路街道社区卫生服务中心新望社区卫生服务站,嘉定区
上海市嘉定区菊园新区秋竹路132号,一级,,上海市嘉定区菊园新区社区卫生服务中心秋竹社区卫生服务站,嘉定区
上海市嘉定区崇信路1531号,一级,,上海市嘉定区马陆镇社区卫生服务中心白银社区卫生服务站,嘉定区
上海市嘉定区复华路7号2楼,一级,,上海市嘉定区迎园医院第二执业点,嘉定区
汾阳路83号、宝庆路19号,三级,,复旦大学附属眼耳鼻喉科医院,徐汇区
东安路270号,三级,,复旦大学附属肿瘤医院,徐汇区
淮海西路241号,三级,,上海市胸科医院,徐汇区
淮海中路966号,二级,,徐汇区中心医院,徐汇区
漕宝路8号,二级,,上海市第八人民医院,徐汇区
老沪闵路901－903号,二级,,徐汇区大华医院,徐汇区
外高桥保税区台北西路205号,一级,,上海市外高桥保税区医疗保健中心,浦东新区
康桥镇浦三路4688弄,一级,,浦东新区康桥社区卫生服务中心南华城小区社区卫生服务站,浦东新区
浦东大道501弄12号,一级,,浦东新区陆家嘴社区卫生服务中心荣成社区卫生服务站,浦东新区
浦东新区高设路99号、101号、105号,一级,,浦东新区高东社区卫生服务中心新高苑社区卫生服务站,浦东新区
北京西路112号,一级,,黄浦区南京东路街道社区卫生服务中心,黄浦区
成都北路290号,一级,,黄浦区南京东路街道社区卫生服务中心广场分中心,黄浦区
天津路396号,一级,,黄浦区南京东路街道社区卫生服务中心浙江中路分中心,黄浦区
中华路1525号,一级,,黄浦区豫园街道社区卫生服务中心,黄浦区
光启路111号,一级,,黄浦区豫园街道社区卫生服务中心三牌楼路分中心,黄浦区
外马路984号,一级,,上海市强生职工医院,黄浦区
瑞金二路197号,三级,,上海交通大学医学院附属瑞金医院,黄浦区
真北路3725弄61号,一级,,普陀区桃浦镇第二社区卫生服务中心莲花社区卫生服务站,普陀区
大渡河路1933号,一级,,上海宏康医院,普陀区
普陀区古浪路378-388号,二级,,上海德济医院,普陀区
银杏路120弄18号101室,一级,,普陀区桃浦镇社区卫生服务中心紫藤苑社区卫生服务站,普陀区
兰溪路164号,三级,,普陀区中心医院（二级结算）,普陀区
舟山路445号,二级,,上海衡山虹妇幼医院,虹口区
欧阳路571号,二级,,虹口区牙病防治所,虹口区
胡家木桥路41号,一级,,虹口区嘉兴路街道社区卫生服务中心胡家木桥路分中心,虹口区
青浦区大盈路488号,二级,,上海盈康护理院,青浦区
青浦区盈港路1750弄,一级,,青浦区盈浦街道社区卫生服务中心民乐社区卫生服务站,青浦区
青浦区盈港东路8300弄138号,一级,,青浦区盈浦街道社区卫生服务中心佳乐苑社区卫生服务站,青浦区
上海市崇明县长兴镇建新村180号-1,一级,,上海市崇明区长兴镇建新村卫生室,崇明区
上海市崇明县长兴镇团结村248号-1,一级,,上海市崇明区长兴镇团结村卫生室,崇明区
崇明县长兴乡前卫农场2坊42丘前卫支路161、171号,一级,,上海兴岛医院,崇明区
浦东新区民区路9号,一级,,浦东新区曹路社区卫生服务中心阳光苑社区卫生服务站,浦东新区
周浦镇东南二村小花园内,一级,,浦东新区周浦社区卫生服务中心东南社区卫生服务站,浦东新区
浦东新区盛苑路667号,一级,,浦东新区迎博社区卫生服务中心新里程社区卫生服务站,浦东新区
浦东新区季景路259弄31号,一级,,浦东新区高桥社区卫生服务中心永久社区卫生服务站,浦东新区
浦东新区长岛路85弄72号甲,一级,,浦东新区沪东社区卫生服务中心船舶社区卫生服务站,浦东新区
浦东新区芳华路689号,一级,,浦东新区花木社区卫生服务中心培花社区卫生服务站,浦东新区
青浦区盈浦街道海盈路160弄88号,一级,,青浦区盈浦街道社区卫生服务中心盈中社区卫生服务站,青浦区
青浦区盈浦街道万寿路153号,一级,,青浦区盈浦街道社区卫生服务中心万寿社区卫生服务站,青浦区
青浦区青湖路988号万福商务楼四楼401-405室,一级,,上海缘杏源中医门诊部,青浦区
青浦区漕盈路555弄59号,一级,,青浦区盈浦街道社区卫生服务中心浩泽社区卫生服务站,青浦区
青浦区青安路380号,一级,,青浦区盈浦街道社区卫生服务中心祥龙社区卫生服务站,青浦区
青浦区赵巷镇民实路90号,一级,,青浦区赵巷镇社区卫生服务中心金葫芦社区卫生服务站,青浦区
上海市青浦区华新镇凤阁路100号,一级,,上海市青浦区华新镇社区卫生服务中心凤阁分中心,青浦区
闵行区马桥镇联青路135弄186号,一级,,闵行区马桥社区卫生服务中心元吉社区卫生服务站,闵行区
闵行区马桥镇银春路1841-1845号,一级,,闵行区马桥社区卫生服务中心华银坊社区卫生服务站,闵行区
古美路1003号,一级,,闵行区古美社区卫生服务中心古龙社区卫生服务站,闵行区
闵行区马桥镇旗忠村,一级,,闵行区马桥社区卫生服务中心旗忠社区卫生服务站,闵行区
双柏路888号40幢西楼,一级,,上海同康医院,闵行区
城桥镇南门路25号,二级,,上海交通大学医学院附属新华医院崇明分院,崇明区
堡镇向阳东路66号,二级,,上海市第十人民医院崇明分院,崇明区
庙镇为民街24号,二级,,上海市崇明区第三人民医院,崇明区
城桥镇三沙洪路19号,二级,,上海市崇明区精神卫生中心,崇明区
城桥镇-江山路616号,二级,,上海市崇明区妇幼保健所,崇明区
城桥镇利民路518号,二级,,上海市崇明区传染病医院,崇明区
堡镇达山路377号,一级,,崇明区堡镇社区卫生服务中心,崇明区
松江区叶榭镇竹亭路211号,一级,,松江区叶榭镇社区卫生服务中心张泽社区卫生服务站,松江区
松江区荣乐西路1039号,一级,,松江区永丰街道社区卫生服务中心,松江区
松江区阔街21号,一级,,松江区岳阳街道社区卫生服务中心,松江区
上海市松江区施惠路451号,一级,,松江区中山街道社区卫生服务中心,松江区
宝山区友谊街道住友宝莲10号东侧,一级,,宝山区友谊街道社区卫生服务中心住友宝莲社区卫生服务站,宝山区
宝山区罗店镇张桥路12号,一级,,上海宝罗护理院,宝山区
宝山区新沪路198弄12号,一级,,宝山区大场镇大场社区卫生服务中心大华一村社区卫生服务站,宝山区
宝山区南陈路278弄92号,一级,,宝山区大场镇第三社区卫生服务中心慧华苑社区卫生服务站,宝山区
纪翟路1688号,一级,,上海华泰医院,闵行区
都市路3645号、3649号,一级,,上海金都门诊部,闵行区
闵行区马桥镇彭渡村十组,一级,,闵行区马桥社区卫生服务中心华邻松社区卫生服务站,闵行区
龙茗路1706号（二楼）,一级,,闵行区古美社区卫生服务中心东兰社区卫生服务站,闵行区
虹梅路3321弄综合楼1楼,一级,,闵行区虹桥社区卫生服务中心红春社区卫生服务站,闵行区
松江区文诚路805号,一级,,松江区方松街道社区卫生服务中心,松江区
洞泾镇长兴东路1566号,一级,,松江区洞泾镇社区卫生服务中心,松江区
石湖荡镇石湖新路105号,一级,,松江区石湖荡镇社区卫生服务中心,松江区
松江区石湖荡塔汇路260号,一级,,松江区石湖荡镇社区卫生服务中心分中心,松江区
松江区中山中路270号二楼、三楼,一级,,上海余天成堂中医门诊部（限于中医科的中药饮片和中药煎药费）,松江区
松江区乐都路193号,二级,,松江区精神卫生中心（第二执业点）,松江区
锦秋路699弄67号,一级,,宝山区大场镇祁连社区卫生服务中心锦秋社区卫生服务站,宝山区
南大路146弄9号,一级,,宝山区大场镇第三社区卫生服务中心联建社区卫生服务站,宝山区
松兰路980号,一级,,宝山区杨行镇社区卫生服务中心万科社区卫生服务站,宝山区
罗泾镇洋桥村,一级,,宝山区罗泾镇社区卫生服务中心洋桥村社区卫生服务站,宝山区
罗泾镇肖泾村,一级,,宝山区罗泾镇社区卫生服务中心肖泾村社区卫生服务站,宝山区
宝山区顾村镇菊联路419弄116号,一级,,宝山区顾村镇菊泉新城社区卫生服务中心保利社区卫生服务站,宝山区
金山区金石南路1949号,二级,,金山区精神卫生中心,金山区
朱泾镇南圩路12号,二级,,金山区妇幼保健所,金山区
石化城区象州路12号,二级,,金山区牙病防治所,金山区
枫泾镇枫阳路258号,一级,,金山区众仁老年护理医院,金山区
兴塔镇新兴路838号,一级,,上海市金山区枫泾镇社区卫生服务中心兴塔分中心,金山区
新闸路1739号,二级,,上海市第四康复医院,静安区
康定路834号,二级,,静安区精神卫生中心,静安区
康定路1297号,二级,,静安区妇幼保健所,静安区
周家牌路91号1-2楼,一级,,杨浦区大桥社区卫生服务中心平青社区卫生服务站,杨浦区
周家嘴路3196号一层,一级,,杨浦区大桥社区卫生服务中心富天苑社区卫生服务站,杨浦区
邯郸路470弄8号,一级,,杨浦区五角场街道社区卫生服务中心建新社区卫生服务站,杨浦区
政立路580弄29号临3-7,一级,,杨浦区五角场街道社区卫生服务中心国定社区卫生服务站,杨浦区
奉贤区西闸路1号,一级,,奉贤区西渡镇卫生院西渡口门诊部,奉贤区
柘林镇钦林北路70号,一级,,奉贤区柘林镇社区卫生服务中心,奉贤区
庄行镇南亭公路3073号,一级,,奉贤区庄行镇社区卫生服务中心,奉贤区
平安镇四平公路1471号,一级,,奉贤区四团镇平安社区卫生服务中心,奉贤区
奉城镇塘外社区奉拓公路943号,一级,,奉贤区奉城镇塘外社区卫生服务中心,奉贤区
漕泾镇运石路85号,一级,,金山区漕泾镇社区卫生服务中心,金山区
干巷镇塌石桥路95号,一级,,上海市金山区吕巷镇社区卫生服务中心干巷分中心,金山区
金山卫镇西静路367号,一级,,金山区金山卫镇社区卫生服务中心,金山区
廊下镇漕廊公路7887号,一级,,金山区廊下镇社区卫生服务中心,金山区
吕巷镇溪北路74号,一级,,金山区吕巷镇社区卫生服务中心,金山区
淮海中路1174号,二级,,上海远洋医院,徐汇区
龙华西路249号,二级,,徐汇区精神卫生中心,徐汇区
柳州路118号,二级,,徐汇区妇幼保健所,徐汇区
肇嘉浜路685号,二级,,徐汇区牙病防治所,徐汇区
马陆镇宝安公路2888弄243号,一级,,嘉定区马陆镇社区卫生服务中心包桥社区卫生服务站,嘉定区
外冈镇望安路676号,一级,,嘉定区外冈镇社区卫生服务中心望新社区卫生服务站,嘉定区
愚园路505、507号,二级,,静安区牙病防治所,静安区
康定路909号,二级,,静安区牙病防治所延平分所,静安区
康定路828号,二级,,静安区结核病防治所,静安区
成都北路369号,二级,,上海市化工职业病防治院,静安区
政旦东路4号,一级,,杨浦区五角场街道社区卫生服务中心政旦东路社区卫生服务站,杨浦区
三门路11弄,一级,,杨浦区五角场镇社区卫生服务中心市光社区卫生服务站,杨浦区
民京路837弄9号,一级,,杨浦区五角场镇社区卫生服务中心民京社区卫生服务站,杨浦区
国权东路99弄3号底层,一级,,杨浦区五角场镇社区卫生服务中心文化佳园社区卫生服务站,杨浦区
翔殷路791弄3号,一级,,杨浦区五角场镇社区卫生服务中心兰馨社区卫生服务站,杨浦区
翔殷路287号,一级,,杨浦区五角场镇社区卫生服务中心洪东社区卫生服务站,杨浦区
延长中路301号,三级,,上海市第十人民医院,闸北区
虬江路1057号,三级,,上海市第十人民医院分院,闸北区
芷江中路274号,三级,,上海市中医医院,闸北区
石门一路67弄1号,三级,,上海市中医医院石门路门诊部,闸北区
延长中路399号,三级,,同济大学附属口腔医院,闸北区
奉贤区庄行镇邬桥社区汇中中路126号,一级,,奉贤区庄行镇邬桥社区卫生服务中心,奉贤区
奉城镇洪庙洪运路11号,一级,,奉贤区奉城镇社区卫生服务中心,奉贤区
金汇镇金钱公路755号,一级,,奉贤区金汇镇社区卫生服务中心,奉贤区
泰日镇泰青路356号,一级,,奉贤区金汇镇泰日社区卫生服务中心,奉贤区
新寺镇沪杭公路2491号,一级,,奉贤区柘林镇新寺社区卫生服务中心,奉贤区
水城路689号,二级,,长宁区天山中医医院（水城路执业点）,长宁区
协和路299号,二级,,长宁区精神卫生中心,长宁区
武夷路773号,二级,,长宁区妇幼保健院,长宁区
北渔路111号,一级,,长宁区北新泾街道社区卫生服务中心,长宁区
钦州南路780号,二级,,徐汇区牙病防治所康健分所,徐汇区
零陵北路2号,一级,,徐汇区斜土街道社区卫生服务中心,徐汇区
双峰路450号,一级,,徐汇区枫林街道社区卫生服务中心,徐汇区
医学院路110弄33号,一级,,徐汇区枫林街道社区卫生服务中心西木医枫社区卫生服务站,徐汇区
龙川北路9号,一级,,徐汇区长桥街道社区卫生服务中心,徐汇区
建华路180号,一级,,徐汇区华泾镇社区卫生服务中心,徐汇区
马陆镇封周路631弄15号,一级,,嘉定区马陆镇社区卫生服务中心金马社区卫生服务站,嘉定区
嘉定区安亭镇园国路兰园别墅小区内,一级,,嘉定区安亭镇社区卫生服务中心梅园社区卫生服务站,嘉定区
嘉定区安亭镇民丰路1200号,一级,,嘉定区安亭镇社区卫生服务中心,嘉定区
嘉定区安亭镇安诚路315号,一级,,嘉定区安亭镇社区卫生服务中心新镇社区卫生服务站,嘉定区
嘉定区安亭镇蓬青东路339弄228号,一级,,嘉定区安亭镇社区卫生服务中心向阳社区卫生服务站,嘉定区
万航渡路858弄5号,一级,,静安区曹家渡街道社区卫生服务中心,静安区
新闸路1910弄1号楼,一级,,静安区曹家渡街道社区卫生服务中心万航渡路门诊部,静安区
万航渡路661弄23号,一级,,静安区曹家渡街道社区卫生服务中心长寿路门诊部,静安区
中华新路619号,二级,,闸北区中心医院,闸北区
共和新路4500号,二级,,闸北区市北医院,闸北区
闻喜路1152号,二级,,闸北区市北医院分部,闸北区
延长中路288号,二级,,闸北区中医医院,闸北区
闻喜路590号,二级,,上海市民政第三精神卫生中心,闸北区
岳州路72号,一级,,虹口区嘉兴路街道社区卫生服务中心育才分中心,虹口区
四平路46号,一级,,虹口区嘉兴路街道社区卫生服务中心四平路社区卫生服务站,虹口区
四平路421弄20号,一级,,虹口区欧阳路街道社区卫生服务中心,虹口区
蒋家桥路21号,一级,,虹口区欧阳路街道社区卫生服务中心蒋家桥分中心,虹口区
江宁路1291号,二级,,普陀区人民医院,普陀区
桃浦路910号,二级,,普陀区利群医院,普陀区
曹杨路1261号,二级,,普陀区中医医院,普陀区
长寿路170号（保留联网结算至2014年6月30日）,二级,,普陀区妇婴保健院第二执业点,普陀区
志丹路211号,二级,,普陀区精神卫生中心,普陀区
徐家汇路573号,三级,,上海交通大学医学院附属瑞金医院(徐家汇路执业点慢性病部),黄浦区
普安路185号,三级,,上海中医药大学附属曙光医院,黄浦区
张衡路528号,三级,,上海中医药大学附属曙光医院（浦东张衡路执业点）,黄浦区
瑞金二路156号,三级,,上海市中医文献馆中医门诊部,黄浦区
华阳路292号,一级,,长宁区华阳街道社区卫生服务中心,长宁区
愚园路1086号,一级,,长宁区华阳街道社区卫生服务中心愚园路门诊部,长宁区
武夷路320弄4号,一级,,长宁区江苏街道社区卫生服务中心,长宁区
华山路1467号,一级,,长宁区新华街道社区卫生服务中心,长宁区
长宁路1700号,一级,,长宁区周家桥街道社区卫生服务中心,长宁区
娄山关路天山四村122号,一级,,长宁区天山路街道社区卫生服务中心,长宁区
嘉定区南翔镇南华路101弄15号,一级,,嘉定区南翔镇社区卫生服务中心南华社区卫生服务站,嘉定区
嘉定区马陆镇刘石路37号,一级,,嘉定区马陆镇社区卫生服务中心大裕社区卫生服务站,嘉定区
西官路258号,一级,,嘉定区菊园新区社区卫生服务中心竹筱社区卫生服务站,嘉定区
香花桥街道福泉山村原山前村委,一级,,青浦区重固镇福泉山村山前卫生室,青浦区
崇明县堡镇五?村登瀛1144号,一级,,崇明区堡镇社区卫生服务中心五?分中心,崇明区
绿华镇东福路502号,一级,,崇明区绿华镇社区卫生服务中心,崇明区
天宝西路241弄27号,一级,,虹口区欧阳路街道社区卫生服务中心优抚园社区卫生服务站,虹口区
瑞虹路415号,一级,,虹口区嘉兴路街道社区卫生服务中心,虹口区
唐山路599弄6号,一级,,上海市虹口区北外滩街道社区卫生服务中心三益邨社区卫生服务站,虹口区
海门路456号,一级,,上海市虹口区北外滩街道社区卫生服务中心海门路分中心,虹口区
霍山路327号,一级,,上海市虹口区北外滩街道社区卫生服务中心,虹口区
唐山路71号,一级,,上海市虹口区北外滩街道社区卫生服务中心唐山路社区卫生服务站,虹口区
宝山区美岸栖庭会所一层,一级,,宝山区高境镇社区卫生服务中心美岸栖庭社区卫生服务站,宝山区
宝山区菊盛路218号,一级,,宝山区顾村镇菊泉新城社区卫生服务中心,宝山区
宝山区大场镇真大路315号,一级,,宝山区大场镇大场社区卫生服务中心中环一号社区卫生服务站,宝山区
宝山区顾村镇菊泉街路1280弄13号1楼,一级,,宝山区顾村镇菊泉新城社区卫生服务中心馨佳园十二街坊社区卫生服务站,宝山区
松江区荣乐小区5号,一级,,松江区岳阳街道社区卫生服务中心荣乐社区卫生服务站,松江区
迎宾路2号1楼,一级,,松江区中山街道社区卫生服务中心方东社区卫生服务站,松江区
松江区佘山镇北干山,一级,,松江区佘山镇社区卫生服务中心北干山社区卫生服务站,松江区
松江区方松街道南其昌路458弄95号,一级,,松江区方松街道社区卫生服务中心江中社区卫生服务站,松江区
松江区永丰街道仓丰路104-108号(双号）,一级,,松江区永丰街道社区卫生服务中心玉树南苑社区卫生服务站,松江区
蓝天新村338号,一级,,松江区中山街道社区卫生服务中心蓝天社区卫生站,松江区
浦东新区香楠路258号,一级,,浦东新区张江社区卫生服务中心香楠社区卫生服务站,浦东新区
康桥镇康沈路400号,一级,,浦东新区康桥社区卫生服务中心周康小区社区卫生服务站,浦东新区
上海市浦东新区和佳路17号,一级,,上海市浦东新区三林康德社区卫生服务中心,浦东新区
浦东新区惠南镇南团公路8号,一级,,上海长安医院,浦东新区
长寿路247弄1号,二级,,普陀区眼病牙病防治所,普陀区
曹杨路421号,一级,,普陀区长风街道白玉社区卫生服务中心,普陀区
兰溪路121号,一级,,普陀区曹杨街道社区卫生服务中心,普陀区
曹杨五村242号,一级,,普陀区普陀区曹杨街道社区卫生服务中心杏梅园社区服务站,普陀区
曹杨二村135号甲,一级,,普陀区曹杨街道社区卫生服务中心北杨园社区卫生服务站,普陀区
重庆南路149号,二级,,上海交通大学医学院附属瑞金医院卢湾分院,黄浦区
瞿溪路1100号,二级,,上海市黄浦区东南医院,黄浦区
龙华东路155号,二级,,上海江南造船集团职工医院,黄浦区
瞿溪路1069号,二级,,上海江南造船集团职工医院瞿溪路执业点,黄浦区
复兴中路526－528号,二级,,上海市黄浦区香山中医医院,黄浦区
瞿溪路1162号,二级,,黄浦区精神卫生中心第二执业点,黄浦区
香花桥街道钱家泾村村委,一级,,青浦区重固镇钱家泾村卫生室,青浦区
青浦区徐泾镇徐乐路109号,三级,,上海德达医院,青浦区
上海市青浦区盈港路540、542号,一级,,上海盈港中医门诊部,青浦区
青浦城区淀湖路10号（保留门诊医保联网结算至2014.12.31）,二级,,青浦区精神卫生中心第二执业点,青浦区
上海市青浦区崧润路779号,一级,,上海市青浦区夏阳街道社区卫生服务中心,青浦区
重固镇香花桥向阳河路609号,一级,,青浦区香花桥街道社区卫生服务中心香花分中心,青浦区
青浦区重固镇联茂路68号,一级,,青浦区重固镇社区卫生服务中心,青浦区
朱家角镇曲池路39号,一级,,青浦区朱家角镇社区卫生服务中心,青浦区
陈家镇陈彷公路250号,一级,,崇明区陈家镇社区卫生服务中心,崇明区
陈家镇安振路88弄188号,一级,,崇明区陈家镇社区卫生服务中心裕安分中心,崇明区
崇明县三双公路1581弄126号,一级,,崇明区港西镇社区卫生服务中心,崇明区
港东公路1090号,一级,,崇明区港西镇社区卫生服务中心港东分中心,崇明区
崇明县港沿镇港沿公路1151号,一级,,崇明区港沿镇社区卫生服务中心,崇明区
崇明县港沿镇合五公路4210号,一级,,崇明区港沿镇社区卫生服务中心合兴分中心,崇明区
崇明县建设镇白钥村1269号,一级,,崇明区建设镇社区卫生服务中心,崇明区
崇明县建设镇蟠南村687号,一级,,崇明区建设镇社区卫生服务中心大同分中心,崇明区
宝山区高境镇何家湾路99弄8号,一级,,上海高逸护理院,宝山区
宝山区友谊街道同济路868弄2号,一级,,上海宝济护理院,宝山区
宝山区杨行镇水产西路188号,一级,,上海昌豪门诊部,宝山区
宝山区罗泾镇塘湾村,一级,,宝山区罗泾镇社区卫生服务中心塘湾村社区卫生服务站,宝山区
宝山区罗泾镇海星村,一级,,宝山区罗泾镇社区卫生服务中心海星村社区卫生服务站,宝山区
宝山区纬地路106号,一级,,宝山区大场镇祁连社区卫生服务中心红光社区卫生服务站,宝山区
松江区谷阳北路1250弄公建房83-85号,一级,,松江区方松街道社区卫生服务中心建设社区卫生服务站,松江区
上海市松江区洞泾镇同乐南路4号101室,一级,,上海市松江区洞泾镇社区卫生服务中心润景苑社区卫生服务站,松江区
松江区中山东路西司弄50号,一级,,上海市松江区中山街道社区卫生服务中心方塔分中心,松江区
民生路499号,一级,,浦东新区洋泾社区卫生服务中心民生路社区卫生服务站,浦东新区
浦东新区惠南镇文化路222号,二级,,浦东新区眼病牙病防治所,浦东新区
浦东新区康桥镇横沔新镇拯安路58号,一级,,浦东新区康桥社区卫生服务中心横沔分中心,浦东新区
浦东新区东绣路1011号,一级,,浦东新区花木社区卫生服务中心东城社区卫生服务站,浦东新区
上南路4091号,一级,,上海徐浦中医医院（限门诊）,浦东新区
浦东大道2188号1楼、2楼,一级,,上海国医馆中医门诊部,浦东新区
瓶北路469-473号,一级,,闵行区颛桥社区卫生服务中心鑫泽阳光社区卫生服务站,闵行区
闵行区鹤庆路136弄204号C甲,一级,,闵行区江川社区卫生服务中心鹤北社区卫生服务站,闵行区
闵行区江月路2000号,三级,,上海交通大学医学院附属仁济医院南院,闵行区
上海市闵行区新镇路603弄76号1层101、2层201,一级,,上海丞联中医门诊部,闵行区
上海市闵行区浦驰路1528号207-210室,一级,,上海喜氏中医门诊部,闵行区
朱家角镇祥凝滨路66号,一级,,青浦区朱家角镇社区卫生服务中心分中心,青浦区
上海市松江区梅家浜路1500弄45-50号,一级,,上海市松江区方松街道社区卫生服务中心三湘四季社区卫生服务站,松江区
大连西路30弄17号,一级,,杨浦区四平社区卫生服务中心密云社区卫生服务站,杨浦区
军工路339弄周家3号103-104室,一级,,杨浦区定海社区卫生服务中心军工社区卫生服务站,杨浦区
山阳镇向阳西路88号,一级,,金山区山阳镇社区卫生服务中心,金山区
上海市金山区朱泾镇康健路32弄2号,一级,,上海市金山区朱泾社区卫生服务中心新农分中心,金山区
张堰镇大街199号,一级,,金山区张堰镇社区卫生服务中心,金山区
上海市闵行区青年路296号,一级,,上海上虹中医门诊部（限于中医科的中药饮片和中药煎药费）,闵行区
莘庄镇疏影路578号,二级,,闵行区精神卫生中心第二执业点,闵行区
莘庄镇莘滨路18号一楼,一级,,闵行区莘庄社区卫生服务中心第二执业点,闵行区
梅陇镇景彩路100号,一级,,闵行区梅陇社区卫生服务中心,闵行区
颛桥镇都市路4258号,一级,,闵行区颛桥社区卫生服务中心田园分中心,闵行区
敦化路48号,一级,,杨浦区长白社区卫生服务中心敦化路社区卫生服务站,杨浦区
杨浦区国权路33号,一级,,上海共清老年护理院,杨浦区
杨浦区敦化路167号,一级,,上海瑞方护理院,杨浦区
杨浦区长阳路1080号6102、7102室,一级,,上海仰仁堂中医门诊部,杨浦区
长海路168号,三级,,第二军医大学第一附属医院,杨浦区
控江路1665号,三级,,上海交通大学医学院附属新华医院,杨浦区
长海路225号,三级,,第二军医大学第三附属医院（上海东方肝胆外科医院）第二执业点,杨浦区
朱泾镇罗星路193号,一级,,金山区朱泾社区卫生服务中心,金山区
朱泾镇罗星南路608号,一级,,金山区朱泾社区卫生服务中心罗星南路执业点,金山区
亭卫公路6668号,一级,,上海金山工业区社区卫生服务中心,金山区
石化象州路12号,一级,,金山区石化社区卫生服务中心,金山区
金山区松隐大街456号,一级,,金山区亭林镇社区卫生服务中心,金山区
亭林镇和平南路56号,一级,,金山区亭林镇社区卫生服务中心亭林分中心,金山区
虹桥路996弄34号底楼,一级,,长宁区遵义社区卫生服务中心（虹桥路执业点）,长宁区
延安西路3499号,一级,,长宁区程家桥街道社区卫生服务中心,长宁区
虹桥路2376号,一级,,长宁区程家桥街道社区卫生服务中心虹井路门诊部,长宁区
芙蓉江路140号,一级,,长宁区仙霞街道社区卫生服务中心,长宁区
上海市长宁区淞虹路507号,一级,,长宁区新泾镇社区卫生服务中心,长宁区
上海市平遥路80、100号,二级,,上海市静安区精神卫生中心第三执业点,闸北区
共和新路1873弄4号,二级,,静安区妇幼保健所第二执业点,闸北区
南星路29号,二级,,上海市静安区北站医院,闸北区
奉贤区南桥镇环城西路373号,一级,,奉贤区南桥镇社区卫生服务中心贝港分中心,奉贤区
奉贤区燎钦公路1395号,一级,,奉贤区海湾镇燎原社区卫生服务中心,奉贤区
奉贤五四农场内,一级,,奉贤区海湾镇五四社区卫生服务中心,奉贤区
奉贤区星火农场农工商大道108号,一级,,奉贤区海湾镇社区卫生服务中心,奉贤区
康定路733弄70号,一级,,静安区江宁路街道社区卫生服务中心,静安区
江宁路702弄11号,一级,,静安区江宁路街道社区卫生服务中心门诊部,静安区
山海关路456号,一级,,静安区石门二路街道社区卫生服务中心,静安区
新闸路1729号,一级,,静安区静安寺街道社区卫生服务中心,静安区
成都北路165号,一级,,静安区南京西路街道社区卫生服务中心,静安区
龙吴路2388弄110号甲,一级,,徐汇区华泾镇社区卫生服务中心大桥社区卫生服务站,徐汇区
太原路110号,一级,,徐汇区天平街道社区卫生服务中心,徐汇区
乌鲁木齐中路247号,一级,,上海市徐汇区湖南街道社区卫生服务中心,徐汇区
龙华西路249号,一级,,徐汇区龙华街道社区卫生服务中心,徐汇区
天钥桥南路1176-1182号,一级,,徐汇区龙华街道社区卫生服务中心新长峰社区卫生服务站,徐汇区
龙恒路272号,一级,,徐汇区龙华街道社区卫生服务中心恒地苑社区卫生服务站,徐汇区
政民路507号,三级,,上海市肺科医院,杨浦区
仙霞西路601号,一级,,上海神州医院,长宁区
淮海西路282、286号,一级,,上海港华医院,长宁区
剑河路595号,二级,,上海西郊骨科医院,长宁区
茅台路616-638号1-4层,一级,,上海文杰护理院,长宁区
长宁区古北路436号,二级,,上海普瑞眼科医院,长宁区
静安区平型关路15号,二级,,上海市静安区牙病防治所第二执业点,闸北区
沪太路909弄15号甲104室,二级,,上海市静安区牙病防治所第四执业点,闸北区
平顺路814号,二级,,上海市静安区牙病防治所第三执业点,闸北区
交城路100号,一级,,上海市第三康复医院,闸北区
洛川东路151号,一级,,闸北区共和新街道社区卫生服务中心,闸北区
闸北区保德路545号，599号,一级,,上海盛德护理院,闸北区
奉贤区奉浦社区灵芝村老年活动室旁,一级,,上海市奉贤区奉浦社区灵芝村卫生室,奉贤区
奉贤区金汇镇金钱公路718号,一级,,上海金伟护理院,奉贤区
上海市奉贤区展园路244号,一级,,上海南郊中医门诊部,奉贤区
上海市奉贤区南桥镇人民中路248号二楼,一级,,上海人和堂中医门诊部（限于中医科的中药饮片和中药煎药费）,奉贤区
上海市奉贤区海湾旅游区海马路5652号,一级,,上海力泉医院,奉贤区
上海市奉贤区环城东路518号—524号,一级,,上海韩村中医门诊部,奉贤区
富民路197弄24-25号,一级,,静安区南京西路街道社区卫生服务中心延安中路门诊部,静安区
浦东新区高科西路2699号,三级,,上海市第一妇婴保健院浦东新院,静安区
上海市红枫路525号,三级,,复旦大学附属华山医院第四执业点,静安区
世博村路231号,三级,,华东医院第七执业点,静安区
西康路266号,二级,,静安区中心医院第三执业点,静安区
虹梅路1501号,一级,,徐汇区虹梅街道社区卫生服务中心,徐汇区
钦州北路1002号,一级,,徐汇区虹梅街道社区卫生服务中心桂林社区卫生服务站,徐汇区
广元西路349号,一级,,徐汇区徐家汇街道社区卫生服务中心,徐汇区
斜土路2590弄21号1楼,一级,,徐汇区徐家汇街道社区卫生服务中心零陵社区卫生服务站,徐汇区
凤阳路415号,三级,,第二军医大学第二附属医院,黄浦区
制造局路639号,三级,,上海交通大学医学院附属第九人民医院,黄浦区
严镇路166号,三级,,上海交通大学医学院附属第九人民医院浦东分院,黄浦区
山东中路145号,三级,,上海交通大学医学院附属仁济医院,黄浦区
金沙江路906号,一级,,普陀区长风街道长风社区卫生服务中心,普陀区
光复西路2077弄32号,一级,,普陀区长风街道长风社区卫生服务中心海鑫社区卫生服务站,普陀区
大渡河路21弄17号101室,一级,,普陀区长风街道长风社区卫生服务中心大渡河路社区卫生服务站,普陀区
中山北路3700弄23号101-103室,一级,,普陀区长风街道长风社区卫生服务中心曹家巷社区卫生服务站,普陀区
舟山路133号,一级,,上海市虹口区北外滩街道社区卫生服务中心舟山路社区卫生服务站,虹口区
霍山路71号,一级,,上海市虹口区北外滩街道社区卫生服务中心霍山路社区卫生服务站,虹口区
塘沽路300号,一级,,虹口区四川北路街道社区卫生服务中心,虹口区
江西北路78号,一级,,虹口区四川北路街道社区卫生服务中心南天潼社区卫生服务站,虹口区
闸北区中兴路1122号1幢、2幢、10幢,一级,,上海健桥医院,闸北区
嘉定区安亭镇吴胜别墅内,一级,,嘉定区安亭镇社区卫生服务中心吴胜社区卫生服务站,嘉定区
上海市嘉定区新成路街道塔城路5号,一级,,上海逸养中医门诊部,嘉定区
清河路450号,一级,,上海嘉华医院,嘉定区
曹安路1991号,一级,,上海安国医院,嘉定区
浦东新区浦东南路3670、3674、3678、3680号、3682号、3684号,一级,,上海广德中医门诊部,浦东新区
听悦路647号-649号（二层）、651-657号,一级,,上海平复堂中医门诊部,浦东新区
金桥路300号,二级,,上海江东医院,浦东新区
宝山区上大路1288弄会所一楼,一级,,宝山区大场镇祁连社区卫生服务中心丰明村社区卫生服务站,宝山区
宝山区罗泾镇潘泾路4785号,一级,,宝山区罗泾镇社区卫生服务中心金石社区卫生服务站,宝山区
宝山区大场镇业绩路8号,一级,,上海爱以德护理院,宝山区
崇明县宏海公路112号,一级,,崇明区庙镇社区卫生服务中心,崇明区
庙镇和富路68号,一级,,崇明区庙镇社区卫生服务中心合作分中心,崇明区
崇明县三星镇宏海公路4235-4237号,一级,,崇明区三星镇社区卫生服务中心,崇明区
崇明县三星镇海桥公路36号,一级,,崇明区三星镇社区卫生服务中心海桥分中心,崇明区
崇明县竖新镇响椿路98号,一级,,崇明区竖新镇社区卫生服务中心,崇明区
东方路1630号,三级,,上海交通大学医学院附属仁济医院（浦东东方路执业点）,黄浦区
江西中路 187号,三级,,华东医院市府大厦门诊部,黄浦区
泰兴路680号,三级,,华东医院第四执业点,黄浦区
黄陂北路55号,三级,,华东医院第五执业点,黄浦区
人民大道200号220室,三级,,华东医院第三执业点,黄浦区
方斜路419号,三级,,复旦大学附属妇产科医院,黄浦区
真如西村115号,一级,,上海市普陀区真如镇街道社区卫生服务中心,普陀区
真北路2857弄16号101室,一级,,上海市普陀区真如镇街道社区卫生服务中心杨桥社区卫生服务站,普陀区
铜川路1899弄35号F室,一级,,普陀区真如镇社区卫生服务中心真光社区卫生服务站,普陀区
桃浦路85号,一级,,普陀区真如镇社区卫生服务中心西站社区卫生服务站,普陀区
管弄路297号,一级,,普陀区石泉街道社区卫生服务中心,普陀区
镇坪路赵家宅30号后门,一级,,普陀区石泉街道社区卫生服务中心镇坪路社区卫生服务站,普陀区
广灵一路80号,一级,,虹口区广中路街道社区卫生服务中心,虹口区
青云路256号,一级,,虹口区广中路街道社区卫生服务中心同心分中心,虹口区
水电路1013弄1号,一级,,虹口区广中路街道社区卫生服务中心灵新社区卫生服务站,虹口区
新同心路283号,一级,,虹口区广中路街道社区卫生服务中心春满园社区卫生服务站,虹口区
凉城路854号,一级,,虹口区凉城新村街道社区卫生服务中心,虹口区
凉城路465弄42号甲,一级,,虹口区凉城新村街道社区卫生服务中心广粤社区卫生服务站,虹口区
上海市松江区辰塔路2690号新城家园公建房,一级,,上海市松江区方松街道社区卫生服务中心新城家园社区卫生服务站,松江区
松江区谷阳北路1425弄174号,一级,,上海弘德堂中医门诊部,松江区
松江区九亭镇九新公路528号,二级,,上海赫尔森康复医院,松江区
松江区泗泾镇江川北路108号,一级,,松江区泗泾镇社区卫生服务中心,松江区
青浦镇盈福路50号,一级,,青浦区盈浦街道社区卫生服务中心,青浦区
青浦区夏阳街道保安路103号,一级,,青浦区盈浦街道社区卫生服务中心东方社区卫生服务站,青浦区
青浦区盈浦街道盈港路1004-1006号,一级,,上海同德医院,青浦区
青浦区盈浦街道城中北路205号,一级,,上海仁博医院,青浦区
新虹街道新家弄村,一级,,闵行区新虹社区卫生服务中心新虹街道新家弄村卫生室,闵行区
浦江镇召楼镇北首,一级,,闵行区浦江社区卫生服务中心浦江镇召楼中心卫生室,闵行区
浦江镇陈行公路1239号,一级,,闵行区浦江社区卫生服务中心浦江镇苏民中心卫生室,闵行区
嘉朱公路1125弄191号,一级,,嘉定工业区社区卫生服务中心越华社区卫生服务站,嘉定区
汇善路1322弄177号,一级,,嘉定工业区社区卫生服务中心天华社区卫生服务站,嘉定区
嘉安公路1735弄558号,一级,,嘉定区菊园新区社区卫生服务中心六里新家园社区卫生服务站,嘉定区
嘉定区江桥镇金沙江西路金耀路口,一级,,嘉定区金沙新城社区卫生服务中心,嘉定区
嘉定区黄渡镇绿苑七村,一级,,嘉定区黄渡镇社区卫生服务中心绿苑七村社区卫生服务站,嘉定区
嘉定区黄渡镇联西村,一级,,嘉定区黄渡镇社区卫生服务中心联西村社区卫生服务站,嘉定区
乳山路235弄25号1-7楼,二级,,上海明德五官科医院,浦东新区
巨峰路997弄86号-89号,一级,,浦东新区高行社区卫生服务中心华高新村社区卫生服务站,浦东新区
浦东新区大道站路94弄67号,一级,,浦东新区迎博社区卫生服务中心世博家园社区卫生服务站,浦东新区
东波路585弄109号,一级,,浦东新区沪东社区卫生服务中心伟三社区卫生服务站,浦东新区
博山东路116号,一级,,浦东新区金杨社区卫生服务中心博山社区卫生服务站,浦东新区
惠南镇荡湾小区荡湾路28号,一级,,浦东新区惠南社区卫生服务中心荡湾社区卫生服务站,浦东新区
沪南公路2441弄1号,一级,,上海御康医院（限门诊结算）,浦东新区
宝林四村12号二层206-210室,一级,,上海益乐护理站（仅提供居家护理服务）,宝山区
淞宝路392号-396号二层,一级,,上海逸乐护理站（仅提供居家护理服务）,宝山区
漠河路280号,三级,,上海市交通大学医学院附属第九人民医院第三执业点,宝山区
友谊路181号,二级,,上海市宝山区中西医结合医院,宝山区
同泰北路101号,二级,,上海市第一人民医院宝山分院,宝山区
宝山区环镇北路1058号,二级,,宝山区大场医院,宝山区
罗店镇罗溪路121号,二级,,宝山区罗店医院,宝山区
崇明县竖新镇竖新北路64号,一级,,崇明区竖新镇社区卫生服务中心竖新分中心,崇明区
向化大街195号,一级,,崇明区向化镇社区卫生服务中心,崇明区
新河镇康复路219号,一级,,崇明区新河镇社区卫生服务中心,崇明区
北新公路396号,一级,,崇明区新河镇社区卫生服务中心新民分中心,崇明区
上海市崇明县陈彷公路2490号,一级,,崇明区中兴镇社区卫生服务中心,崇明区
枫泾镇枫杰路28号,一级,,金山区枫泾镇社区卫生服务中心,金山区
金山区秦弯路1155弄19号,一级,,上海钱圩精神病院,金山区
金山区金山卫镇钱商大街252号,一级,,金山区金山卫镇社区卫生服务中心钱圩分中心,金山区
上海市金山区朱泾镇金石北路7666号护理楼、12号楼,一级,,上海颐丹护理院,金山区
石化蒙山北路1532号,一级,,金山区石化社区卫生服务中心蒙山北路社区卫生服务站,金山区
辰花路387号,一级,,上海亲清老年护理院,松江区
松江区九亭镇涞寅路14、16号,一级,,松江区九亭镇社区卫生服务中心奥园社区卫生服务站,松江区
松江区九亭镇涞亭南路888弄91号,一级,,松江区九亭镇社区卫生服务中心颐景园社区卫生服务站,松江区
上海市松江区小昆山镇玉昆路660号,一级,,上海市松江小昆山敬老院医务室,松江区
青浦区盈港路468号,一级,,上海青城医院,青浦区
青浦区徐泾镇明珠路149号,一级,,上海沪大中医门诊部,青浦区
青浦区朱家角镇课植园路599弄17号,一级,,上海袁氏中医门诊部,青浦区
徐泾镇徐民路1088号,一级,,青浦区徐泾镇社区卫生服务中心,青浦区
赵巷镇赵中路69号,一级,,青浦区赵巷镇社区卫生服务中心,青浦区
青浦区天圣庄青东农场内,一级,,上海市青东农场医院,青浦区
梅陇镇曙建村,一级,,闵行区梅陇社区卫生服务中心梅陇镇曙建村卫生室,闵行区
梅陇镇永联村龙联路100号,一级,,闵行区梅陇社区卫生服务中心梅陇镇永联村卫生室,闵行区
梅陇镇双溪村,一级,,闵行区梅陇社区卫生服务中心梅陇镇双溪村卫生室,闵行区
华漕镇红卫村,一级,,闵行区华漕社区卫生服务中心华漕镇红卫村卫生室,闵行区
华漕镇鹫山村,一级,,闵行区华漕社区卫生服务中心华漕镇鹫山村卫生室,闵行区
华漕镇许浦村,一级,,闵行区华漕社区卫生服务中心华漕镇许浦村卫生室,闵行区
闵行区华漕镇北街17号华漕成人学校华兴楼一楼,一级,,闵行区华漕社区卫生服务中心华江路社区卫生服务站,闵行区
枫泾镇枫阳路1811弄120号,一级,,金山区枫泾镇社区卫生服务中心枫泾镇新春村卫生室,金山区
枫泾镇新华村4078号,一级,,金山区枫泾镇社区卫生服务中心枫泾镇新华村卫生室,金山区
枫泾镇五一村2122号,一级,,金山区枫泾镇社区卫生服务中心枫泾镇五一村卫生室,金山区
枫泾镇兴坊路622号,一级,,金山区枫泾镇社区卫生服务中心枫泾镇贵泾中心卫生室,金山区
漕泾镇漕廊公路985弄,一级,,金山区漕泾镇社区卫生服务中心漕泾镇海涯村卫生室,金山区
延庆路130号,三级,,上海市肺科医院延庆路门诊部,杨浦区
腾越路450号,三级,,杨浦区中心医院（二级结算）,杨浦区
开鲁路500号,三级,,杨浦区中心医院中原分院（二级结算）,杨浦区
市光路999号,二级,,杨浦区市东医院,杨浦区
松江区新桥镇莘砖公路557弄39-49号（单号）1-2层,一级,,上海久富门诊部,松江区
松江区涞坊路1238-1244号,一级,,松江区九亭镇社区卫生服务中心涞坊路社区卫生服务站,松江区
长宁区仙霞街道仙霞路780弄36号甲室,一级,,长宁区仙霞街道社区卫生服务中心虹仙社区卫生服务站,长宁区
辛耕路81弄12号2楼,一级,,徐汇区漕溪北路地段医院,徐汇区
江安路88号,一级,,徐汇区康健街道社区卫生服务中心,徐汇区
桂林东街257号,一级,,徐汇区康健街道社区卫生服务中心康乐社区卫生服务站,徐汇区
营口路762号,二级,,杨浦区市东医院分院,杨浦区
双阳路480号,二级,,杨浦区控江医院,杨浦区
延吉东路200号,二级,,杨浦区中心医院安图分部,杨浦区
松花江路3号,二级,,杨浦区中心医院传染病分院,杨浦区
杭州路349号,二级,,上海市第一康复医院,杨浦区
眉州路34号,二级,,杨浦区中医医院第二执业点（限住院医保结算）,杨浦区
上海市静安区青云路755号,一级,,上海静安区东风芷江养老院医务室,静安区
闵行区金光路958号,三级,,复旦大学附属华山医院第五执业点,静安区
普陀区泸定路355号,三级,,上海市儿童医院,静安区
上海市延安西路394弄1号101室、103室,一级,,上海康静护理站（仅提供居家护理服务）,静安区
上海共和新路2449号520室,一级,,上海康北护理站（仅提供居家护理服务）,静安区
上海奉贤区南桥镇环城南路1291号,一级,,上海汇阳中医门诊部,奉贤区
奉贤区奉城镇兰博路2858号,一级,,奉贤区奉城镇社区卫生服务中心兰博社区卫生服务站,奉贤区
奉贤区奉城镇塘外社区奉柘公路941号,二级,,奉贤区皮肤病防治所,奉贤区
上海市奉贤区南桥镇江海路322号3幢2-4层,一级,,上海康君阁门诊部,奉贤区
城大路182号,一级,,上海奉爱医院,奉贤区
金钟路333弄89号1楼,一级,,长宁区北新泾街道社区卫生服务中心新泾七村社区卫生服务站,长宁区
法华镇路457弄3号,一级,,长宁区新华街道社区卫生服务中心第二执业点,长宁区
安顺路79号,一级,,长宁区新华街道社区卫生服务中心左家宅社区卫生服务站,长宁区
长宁区江苏街道武定西路1371弄65号,一级,,长宁区江苏街道社区卫生服务中心万村社区卫生服务站,长宁区
长宁区新泾镇仙霞西路885弄76号1楼,一级,,长宁区新泾镇社区卫生服务中心新泾新家苑社区卫生服务站,长宁区
长宁区新泾镇仙霞西路885弄76号1楼,一级,,长宁区新泾镇社区卫生服务中心新泾新家苑社区卫生服务站,长宁区
长宁区新泾镇北虹路1000弄17号,一级,,长宁区新泾镇社区卫生服务中心北虹社区卫生站,长宁区
长宁区虹桥街道虹梅路3818弄14号101、102室,一级,,长宁区虹桥街道社区卫生服务中心虹梅社区卫生服务站,长宁区
长宁区新华街道新华路668号,一级,,长宁区新华街道社区卫生服务中心西法华社区卫生服务站,长宁区
柳州路500号,一级,,徐汇区田林街道社区卫生服务中心,徐汇区
宾阳路38号,一级,,徐汇区漕河泾街道社区卫生服务中心,徐汇区
冠生园路230弄59号,一级,,徐汇区漕河泾街道社区卫生服务中心冠生园社区卫生服务站,徐汇区
凌云路99号,一级,,徐汇区凌云街道社区卫生服务中心,徐汇区
天平路40号,一级,,上海文艺医院,徐汇区
医学院路130号,三级,,复旦大学附属儿科医院医学院路执业点,徐汇区
上海市平顺路155号,一级,,上海雷允上平顺中医门诊部（限于中医科的中药饮片和中药煎药费）,静安区
上海市静安区宝山路455号,一级,,上海六一儿童医院,静安区
静安区高平路847、849、851、853、855号,一级,,上海爱以德高平护理院,静安区
静安区江宁路街道康定路359号,二级,,上海中佑肛肠医院,静安区
胶州路422号,二级,,静安区精神卫生中心第二执业点,静安区
奉贤区新四平公路467弄179号,一级,,奉贤区四团镇社区卫生服务中心平安分中心海港新苑社区卫生服务站,奉贤区
奉贤区奉炮路1180弄2号,一级,,奉贤区海湾旅游区社区卫生服务中心,奉贤区
奉贤区南桥镇解放东路840号,二级,,奉贤区皮肤病防治所第二执业点,奉贤区
奉浦社区国顺路555号,一级,,奉贤区南桥镇西渡社区卫生服务中心九华社区卫生服务站,奉贤区
南桥镇江海村,一级,,奉贤区南桥镇社区卫生服务中心南桥镇江海村卫生室,奉贤区
凉城四村68号,一级,,虹口区凉城新村街道社区卫生服务中心东苑社区卫生服务站,虹口区
巴林路78号,一级,,虹口区曲阳路街道社区卫生服务中心,虹口区
玉田路430号,一级,,虹口区曲阳路街道社区卫生服务中心东二社区卫生服务站,虹口区
北京东路356号,三级,,上海市口腔病防治院,黄浦区
复兴中路1258号,三级,,上海市口腔病防治院复兴中路分院,黄浦区
四川中路109号,二级,,黄浦区中心医院,黄浦区
宁波路109号,二级,,黄浦区中心医院中医门诊部,黄浦区
多稼路1号,二级,,上海市第二人民医院,黄浦区
沪太路1238号,一级,,上海申江医院,闸北区
骊山路43号,一级,,普陀区宜川街道社区卫生服务中心,普陀区
长寿路505弄3号,一级,,普陀区长寿街道社区卫生服务中心（第二执业点）,普陀区
昌化路1000号,一级,,普陀区长寿社区卫生服务中心昌化路社区卫生服务站,普陀区
东新路230弄20号,一级,,普陀区长寿街道社区卫生服务中心（第三执业点）,普陀区
新市南路1191号；新市南路1201号,一级,,虹口区江湾镇街道社区卫生服务中心,虹口区
花园路183号,一级,,虹口区广中路街道社区卫生服务中心花园路社区卫生服务站,虹口区
虹口区衡水路89弄1号101室,一级,,上海民生中医门诊部,虹口区
四川北路1982号2楼,一级,,上海雷允上北区诵芬堂中医门诊部（限于中医科的中药饮片和中药煎药费）,虹口区
凉城路545号,一级,,上海天伦医院,虹口区
场中路685弄2号-8号,二级,,上海中大肿瘤医院,虹口区
虹口区大连西路88号,一级,,虹口区曲阳路街道社区卫生服务中心玉田社区卫生服务站,虹口区
中华路706号,二级,,上海市第二人民医院中华路门诊部,黄浦区
黄家路163号,二级,,黄浦区中西医结合医院,黄浦区
方浜中路59号,二级,,黄浦区中西医结合医院分院,黄浦区
黄浦区中华路1495号,二级,,黄浦区老年护理医院,黄浦区
北京西路130号,二级,,黄浦区精神卫生中心,黄浦区
岚皋西路89-91号,一级,,普陀区石泉街道社区卫生服务中心岚皋西路社区卫生服务站,普陀区
平利路57号,一级,,普陀区甘泉街道社区卫生服务中心,普陀区
宜川路413弄2号103-104室,一级,,普陀区甘泉街道社区卫生服务中心新宜社区卫生服务站,普陀区
甘泉路501弄40号,一级,,普陀区甘泉街道社区卫生服务中心志丹社区卫生服务站,普陀区
雪松路302号,一级,,普陀区桃浦镇社区卫生服务中心,普陀区
千阳路209号,一级,,普陀区长征镇社区卫生服务中心,普陀区
上海市崇明区新村乡星村公路2118号,一级,,崇明区新村乡社区卫生服务中心,崇明区
城桥镇花鸟路309号,一级,,崇明区城桥镇社区卫生服务中心,崇明区
崇明县城桥镇团城公路6380号,一级,,崇明区城桥镇社区卫生服务中心侯家镇分中心,崇明区
长江路860弄25号,二级,,上海市第二康复医院,宝山区
长江西路1999号,二级,,宝山区仁和医院,宝山区
春雷路456号,二级,,上海中冶医院,宝山区
蕴川路3739号，德都路218弄62号,二级,,上海中冶医院蕴川路分院,宝山区
浦东大道2516号（甲）,一级,,上海申诚医院,浦东新区
浦东新区东南新村47号A201-203室,一级,,浦东新区潍坊社区卫生服务中心东南社区卫生服务站,浦东新区
浦东新区航头镇鹤驰路235号1楼、2楼,一级,,浦东新区航头社区卫生服务中心鹤驰社区卫生服务站,浦东新区
浦东新区崂山路531号1-2楼,一级,,上海宝中堂中医门诊部,浦东新区
嘉定区黄渡镇星塔村星塔路,一级,,嘉定区黄渡镇社区卫生服务中心星塔村社区卫生服务站,嘉定区
嘉定区黄渡镇联星村,一级,,嘉定区黄渡镇社区卫生服务中心联星村社区卫生服务站,嘉定区
嘉定区希望路999号,三级,,上海交通大学医学院附属瑞金医院北院,嘉定区
启良路120号,二级,,嘉定区中医医院南门中医门诊部（临时执业点）,嘉定区
漕泾镇阮巷村明华1083号,一级,,金山区漕泾镇社区卫生服务中心漕泾镇阮巷村卫生室,金山区
漕泾镇护塘村邓桥1117号,一级,,金山区漕泾镇护塘中心卫生室,金山区
金山卫镇龙轩路2208弄90号,一级,,金山区金山卫镇社区卫生服务中心北门社区卫生服务站,金山区
金山卫镇镇农建村1088号,一级,,金山区金山卫镇社区卫生服务中心金山卫镇农建中心卫生室,金山区
上海市闵行区北松公路700号,一级,,上海金城护理院,闵行区
上海市闵行区虹莘路3065号13幢四楼、五楼、地下一层（西北区）,二级,,上海祥瑞康复医院,闵行区
莘松路170号,二级,,闵行区中心医院,闵行区
青浦区朱家角镇漕平路149号,一级,,青浦区朱家角镇社区卫生服务中心西湖新村社区卫生服务站,青浦区
青浦区淀山湖大道399弄2号206、208、210室,一级,,上海启实中医门诊部,青浦区
崇明县城桥镇八一路592号,一级,,崇明区城桥镇社区卫生服务中心城内门诊部,崇明区
崇明县横沙乡民东路1573号,一级,,崇明区横沙乡社区卫生服务中心,崇明区
崇明县长兴乡凤南路59号,一级,,崇明区长兴镇社区卫生服务中心,崇明区
潘圆公路1229号,一级,,崇明县长兴镇社区卫生服务中心前卫社区卫生服务站,崇明区
崇明县东平镇长江大街,一级,,崇明区东平镇社区卫生服务中心,崇明区
崇明县长征公路3359弄175号,一级,,崇明区新海镇社区卫生服务中心长征分中心,崇明区
崇明县北沿公路2941号,一级,,崇明区新海镇社区卫生服务中心红星分中心,崇明区
宝山区富锦路900号,二级,,上海中冶医院富锦路分院,宝山区
国权北路70号,二级,,上海市强制医疗所,宝山区
友谊支路301号,二级,,宝山区中西医结合医院原宝山区中医医院临时执业点,宝山区
盘古路323号,二级,,宝山区精神卫生中心,宝山区
同泰北路531号,二级,,宝山区妇幼保健所,宝山区
共和新路5425号,一级,,宝山区老年护理院,宝山区
松江区莘淞路1288弄1279号,一级,,松江区九亭镇社区卫生服务中心亭南社区卫生服务站,松江区
松江区泗泾镇新家园路211号,一级,,松江区泗泾镇社区卫生服务中心新凯家园社区卫生服务站,松江区
松江区玉昆路280弄117号101室,一级,,松江区小昆山镇社区卫生服务中心玉昆小区社区卫生服务站,松江区
上海市松江区光星路2209号,二级,,上海市养志康复医院,松江区
浦东新区航头镇航梅路525弄5支弄1号楼1楼,一级,,浦东新区航头社区卫生服务中心长达社区卫生服务站,浦东新区
浦东新区宣桥镇南六公路399弄229号,一级,,浦东新区宣桥社区卫生服务中心艺泰安邦社区卫生服务站,浦东新区
浦东新区周浦镇公元二村59号101-103室,一级,,浦东新区周浦社区卫生服务中心公元社区卫生服务站,浦东新区
浦东新区杨高中路10弄3支弄8号甲,一级,,浦东新区浦兴社区卫生服务中心胶三社区卫生服务站,浦东新区
浦东新区川银路150弄194-198号,一级,,浦东新区川沙社区卫生服务中心川银社区卫生服务站,浦东新区
浦东新区崮山路36号,一级,,浦东新区洋泾社区卫生服务中心崮山社区卫生服务站,浦东新区
黄家花园路88弄105号,一级,,嘉定区江桥镇社区卫生服务中心高潮社区卫生服务站,嘉定区
梅园新村300弄居委内,一级,,嘉定区嘉定镇街道社区卫生服务中心梅园社区卫生服务站,嘉定区
嘉定区南翔镇民主街125弄18号,一级,,上海同翔医院,嘉定区
嘉定区嘉定镇塔城路432号,一级,,嘉定区嘉定镇街道社区卫生服务中心小囡桥社区卫生服务站,嘉定区
嘉定区江桥镇海波路358号,二级,,上海海华医院,嘉定区
嘉定区江桥镇曹安公路4312号,一级,,上海曹安医院,嘉定区
金山卫镇星火村钱鑫路268号,一级,,金山区金山卫镇社区卫生服务中心金山卫镇星火村卫生室,金山区
金山卫镇镇塔港村6027号,一级,,金山区金山卫镇社区卫生服务中心金山卫镇塔港中心卫生室,金山区
廊下镇光明村景钱路6号,一级,,金山区廊下镇社区卫生服务中心廊下镇光明村卫生室,金山区
廊下镇万春村518号,一级,,金山区廊下镇社区卫生服务中心廊下镇万春村卫生室,金山区
吕巷镇颜圩村干林路1318号,一级,,金山区吕巷镇社区卫生服务中心颜圩村卫生室,金山区
吕巷镇夹漏村3011号,一级,,金山区吕巷镇社区卫生服务中心夹漏村卫生室,金山区
鹤庆路801号,三级,,上海市第五人民医院（二级结算）,闵行区
剑川路155号,二级,,闵行区吴泾医院,闵行区
漕宝路1467号静安新城十区1号,二级,,闵行区吴泾医院静安新城门诊部,闵行区
闵行区合川路3071号,二级,,闵行区中医医院,闵行区
上海市中春路9999号,二级,,上海市民政第一精神卫生中心,闵行区
闸航路2500号,二级,,闵行区精神卫生中心,闵行区
顾戴路805号,二级,,闵行区妇幼保健院,闵行区
新桥镇春申村申华南侧老年活动中心,一级,,松江区新桥镇社区卫生服务中心新桥镇春申村中学卫生室,松江区
九亭镇盛福路,一级,,松江区九亭镇社区卫生服务中心九亭镇金吴村中心卫生室,松江区
九亭镇连富路司马塘西南侧,一级,,松江区九亭镇社区卫生服务中心九亭镇朱龙村中心卫生室,松江区
叶榭镇大庙村,一级,,松江区叶榭镇社区卫生服务中心叶榭镇大庙村中心卫生室,松江区
叶榭镇团结村,一级,,松江区叶榭镇社区卫生服务中心叶榭镇团结村中心卫生室,松江区
叶榭镇强恕小区,一级,,松江区叶榭镇社区卫生服务中心中原社区卫生服务站,松江区
徐汇区东泉路64弄10号,一级,,徐汇区漕河泾街道社区卫生服务中心东泉社区卫生服务站,徐汇区
石龙路898号,一级,,徐汇区漕河泾街道社区卫生服务中心东荡社区卫生服务站,徐汇区
万源路399号,三级,,复旦大学附属儿科医院,徐汇区
中山西路1520-7号,一级,,上海雷允上五行中医门诊部（限于中医科的中药饮片和中药煎药费）,徐汇区
蒲汇塘路68号,一级,,徐家汇街道社区卫生服务中心徐汇新村社区卫生服务站,徐汇区
周家嘴路4214弄16号,二级,,杨浦区精神卫生中心,杨浦区
杨浦区长阳路1389弄75号乙,二级,,杨浦区妇幼保健院(所）,杨浦区
平凉路1814号,二级,,杨浦区牙病防治所,杨浦区
国和路1045号,二级,,杨浦区牙病防治所中原口腔门诊部,杨浦区
天钥桥路380弄15号,一级,,徐家汇街道社区卫生服务中心泰东新村社区卫生服务站,徐汇区
上海斜土路1985号西侧,一级,,上海熔仁堂中医门诊部(限中医科的中药饮片和中药煎药费费用),徐汇区
中山西路1919号B幢503室,一级,,上海和怡护理站（仅提供居家护理服务）,徐汇区
徐汇区华发路210号101室,一级,,上海乐聚护理站（仅提供居家护理服务）,徐汇区
漕宝路320号二号楼C2106、C2107,一级,,上海英戈护理站（仅提供居家护理服务）,徐汇区
爱国路77号,一级,,杨浦区定海社区卫生服务中心,杨浦区
延吉西路100号,一级,,杨浦区控江社区卫生服务中心,杨浦区
许昌路1482号,一级,,杨浦区江浦社区卫生服务中心,杨浦区
辽阳路387号,一级,,杨浦区江浦社区卫生服务中心辽阳社区卫生服务站,杨浦区
杨浦区平凉路335路,一级,,杨浦区平凉社区卫生服务中心,杨浦区
许昌路887号,一级,,杨浦区平凉社区卫生服务中心（许昌路执业点）,杨浦区
上海市江场西路299弄8-13号2-3层,一级,,上海市北高新门诊部,静安区
上海市静安区西康路370弄60号2幢207室,一级,,上海乐佑龄护理站（仅提供居家护理服务）,静安区
上海市杨浦区民京路915号401、402、403、404、405室,一级,,上海淞衍堂中医门诊部,静安区
长宁区华阳街道武夷路519弄69号,一级,,长宁区华阳街道社区卫生服务中心潘西社区卫生服务站,长宁区
长宁区天山街道延安西路2029弄7号,一级,,长宁区天山路街道社区卫生服务中心联建社区卫生服务站,长宁区
上海市茅台路868号光华大厦南楼307室,一级,,上海宁康护理站（仅提供居家护理服务）,长宁区
上海市万航渡路2453号16幢201-202室,一级,,上海元朔中医门诊部,长宁区
上海市江苏路565号,一级,,上海人寿堂中医门诊部（限于中医科的中药饮片和中药煎药费）,长宁区
南桥镇南渡村,一级,,奉贤区南桥镇社区卫生服务中心南桥镇南渡村卫生室,奉贤区
庄行镇西张村,一级,,奉贤区庄行镇社区卫生服务中心庄行镇西张村卫生室,奉贤区
奉贤区南桥镇环城西路721号-723号,一级,,上海绿雅堂中医门诊部,奉贤区
奉贤区南桥镇环城东路1148号,一级,,上海奉浦医院,奉贤区
北张家浜路39弄5号,二级,,黄浦区精神卫生中心分中心,黄浦区
中华路1515号,二级,,黄浦区妇幼保健所,黄浦区
江西中路136弄2 号,二级,,黄浦区牙病防治所,黄浦区
丽园路712号,二级,,上海市黄浦区妇幼保健院,黄浦区
瑞金二路148号,二级,,上海市黄浦区第二牙病防治所,黄浦区
丽园路712号甲,一级,,上海市黄浦区打浦桥街道社区卫生服务中心,黄浦区
中山北一路686号,一级,,上海建峰护理院,虹口区
伊敏河路61号,二级,,上海和平眼科医院（医保结算标准参照二级医疗机构）,虹口区
广灵四路290号,一级,,虹口区凉城新村街道社区卫生服务中心汶二社区卫生服务站,虹口区
东宝兴路326号,一级,,虹口区四川北路街道社区卫生服务中心东宝兴路分中心,虹口区
虹口区溧阳路1084弄28号,一级,,虹口区四川北路街道社区卫生服务中心多伦社区卫生服务站,虹口区
淡水路285号,一级,,上海市黄浦区淮海中路街道社区卫生服务中心,黄浦区
陕西南路147号,一级,,上海市黄浦区瑞金二路街道社区卫生服务中心,黄浦区
瞿溪路987号,一级,,上海市黄浦区五里桥街道社区卫生服务中心,黄浦区
建国东路80号,一级,,上海市黄浦区顺昌医院,黄浦区
罗浮路71号,一级,,虹口区四川北路街道社区卫生服务中心中洲社区卫生服务站,虹口区
虹口区水电路526号,一级,,海军上海保障基地医院,虹口区
虹口区东体育会支路41号,一级,,上海赤峰医院第二执业点,虹口区
赤峰路455号（限门诊结算）,一级,,上海赤峰医院,虹口区
奎照路405号,一级,,上海东华医院,虹口区
川沙路4425弄8号,一级,,上海安平医院,浦东新区
城南路98号,一级,,上海福华医院,浦东新区
秀沿路2999弄10号,一级,,上海亲和源医院,浦东新区
浦东大道1537号裙房东一层B、D,一级,,上海海威门诊部,浦东新区
崇明前进农场,一级,,崇明区东平镇社区卫生服务中心前进分中心,崇明区
崇明东旺沙,一级,,崇明区东平镇社区卫生服务中心前哨分中心,崇明区
罗东太路355号,一级,,宝山区罗店镇社区卫生服务中心,宝山区
宝山城市工业园区市台路515弄39号二楼南侧,一级,,宝山区大场镇祁连社区卫生服务中心市台路社区卫生服务站,宝山区
梅川路1333弄212号,一级,,普陀区长征镇社区卫生服务中心祥和名邸社区卫生服务站,普陀区
真北路1029弄28号E座,一级,,普陀区长征镇社区卫生服务中心丽和苑社区卫生服务站,普陀区
普陀区新村路1317号,一级,,普陀区万里门诊部,普陀区
真南路635弄99支弄105号,一级,,上海普静护理医院,普陀区
嘉定区墨玉北路700号,三级,,第二军医大学第三附属医院（上海东方肝胆外科医院）,嘉定区
洪德路158号,一级,,嘉定区马陆镇社区卫生服务中心远香舫社区卫生服务站,嘉定区
上海市嘉定区马陆镇希望路982号一层-1,一级,,上海瑞尚中医门诊部,嘉定区
上海市嘉定区南翔镇芳林路980号,一级,,上海市嘉定区南翔镇社区卫生服务中心星城分中心,嘉定区
城北路1号,二级,,嘉定区中心医院,嘉定区
龙三路98弄2幢2号底层,一级,,浦东新区张江社区卫生服务中心杨镇路社区卫生服务站,浦东新区
周浦镇关岳路135号,二级,,浦东新区周浦医院第二执业点,浦东新区
浦东新区杨南路1139弄5-6号,一级,,浦东新区三林社区卫生服务中心翰城社区卫生服务站,浦东新区
沪南公路3468号,一级,,浦东新区康桥社区卫生服务中心美林小城社区卫生服务站,浦东新区
周浦镇川周路4058弄8号,一级,,浦东新区周浦社区卫生服务中心幸福社区卫生服务站,浦东新区
浦东新区金高路1115号,一级,,上海金高中西医结合医院（限门诊结算）,浦东新区
崇明县北沿公路3338号,一级,,崇明区新海镇社区卫生服务中心,崇明区
崇明县跃征路42号,一级,,崇明区新海镇社区卫生服务中心跃进分中心,崇明区
崇明东风农场部,一级,,崇明区东平镇社区卫生服务中心东风分中心,崇明区
东风农场东风二村第10-12幢底楼,一级,,崇明区东平镇社区卫生服务中心东风新村社区卫生服务站,崇明区
宝山区罗店镇美平路767号,一级,,宝山区罗店镇社区卫生服务中心宝欣苑社区卫生服务站,宝山区
宝山区大场镇丰宝路47-57号,一级,,上海金悦门诊部,宝山区
罗店镇市一路199号,一级,,宝山区罗店镇社区卫生服务中心市一路社区卫生服务站,宝山区
祁连山路2891号,一级,,宝山区大场镇祁连社区卫生服务中心,宝山区
沪太路4099弄31号1楼,一级,,宝山区大场镇祁连社区卫生服务中心和泰苑社区卫生服务站,宝山区
环镇北路357号,一级,,宝山区大场镇第三社区卫生服务中心环镇北路社区卫生服务站,宝山区
宝杨路333号,一级,,宝山区友谊街道社区卫生服务中心,宝山区
宝城二村56号,一级,,宝山区友谊街道社区卫生服务中心宝城新村社区卫生服务站,宝山区
上海市普陀区江宁路1145弄6号,一级,,上海觉群中医门诊部,普陀区
同普路517号,二级,,普陀区妇婴保健院,普陀区
上海市普陀区长寿路170号,一级,,上海市普陀区长寿街道社区卫生服务中心,普陀区
双山路161弄17号甲,一级,,普陀区甘泉街道社区卫生服务中心双山社区卫生服务站,普陀区
泸定路339号,三级,,上海市妇幼保健中心,普陀区
普陀区真南路822弄420号,一级,,普陀区桃浦镇第二社区卫生服务中心,普陀区
安亭镇昌吉路204号,二级,,嘉定区安亭医院,嘉定区
南翔镇众仁路495号,二级,,嘉定区南翔医院,嘉定区
嘉定镇博乐路222号,二级,,嘉定区中医医院,嘉定区
嘉定区高台路1216号,二级,,嘉定区妇幼保健院,嘉定区
塔城路5号,二级,,嘉定区牙病防治所,嘉定区
剑川路159号,二级,,闵行区结核病防治院,闵行区
闵行区瑞丽路106号,二级,,闵行区肿瘤医院,闵行区
吴中路829乙,二级,,闵行区牙病防治所,闵行区
梅陇镇111号,一级,,闵行区梅陇社区卫生服务中心第二执业点,闵行区
闵行区莲花南路1875号,一级,,上海市闵行区梅陇社区卫生服务中心曹行分中心,闵行区
张堰镇秦山河泾村,一级,,金山区张堰镇社区卫生服务中心秦山河泾中心卫生室,金山区
金山工业区欢兴村,一级,,上海金山工业区社区卫生服务中心金山工业区欢兴中心卫生室,金山区
朱泾镇长滨村仙居路822号,一级,,金山区朱泾社区卫生服务中心朱泾镇长滨村卫生室,金山区
金山工业区恒顺路215弄341号,一级,,上海金山工业区社区卫生服务中心金山工业区恒信居民委员会卫生室,金山区
永丰街道仓城,一级,,松江区永丰街道社区卫生服务中心仓吉社区卫生服务站,松江区
永丰街道松汇西路1327号,一级,,松江区永丰街道社区卫生服务中心仓桥社区卫生服务站,松江区
永丰街道周星村,一级,,松江区永丰街道社区卫生服务中心周星村社区卫生服务站,松江区
永丰街道富永路425弄113号,一级,,松江区永丰街道社区卫生服务中心盐仓社区卫生服务站,松江区
齐齐哈尔路828号,一级,,杨浦区平凉社区卫生服务中心江浦路门诊部,杨浦区
徐汇区吴中路2、4、6号,一级,,上海万众医院,徐汇区
徐汇区徐虹路112弄11号,一级,,徐汇区徐家汇街道社区卫生服务中心南丹社区卫生服务站,徐汇区
吴中路6号,二级,,上海蓝十字脑科医院,徐汇区
漕溪路135号,一级,,上海仁爱医院,徐汇区
莘朱路879弄175号,一级,,闵行区梅陇社区卫生服务中心高兴社区卫生服务站,闵行区
古美西路10号,一级,,闵行区梅陇社区卫生服务中心南方社区卫生服务站,闵行区
闵行区万源路2439号,一级,,闵行区虹桥社区卫生服务中心万源分中心,闵行区
闵行浦东沈杜路三号桥堍,一级,,闵行区浦江社区卫生服务中心杜行社区卫生服务站,闵行区
上海市闵行区漕宝路1060号,一级,,上海世道中医门诊部,闵行区
亭林镇南亭公路5346弄9号,一级,,金山区亭林镇社区卫生服务中心亭林镇龙泉村卫生室,金山区
亭林镇亭北路6088号,一级,,金山区亭林镇社区卫生服务中心亭林镇亭北村卫生室,金山区
亭林镇后岗村9083号,一级,,金山区亭林镇社区卫生服务中心亭林镇后岗村卫生室,金山区
朱泾镇大茫村6011号,一级,,金山区朱泾社区卫生服务中心朱泾镇大茫村卫生室,金山区
金山区朱泾镇罗星南路382号,一级,,上海济德中医门诊部,金山区
张桥刘堰村,一级,,金山卫镇张桥刘堰村卫生室,金山区
新桥镇明兴路469号,一级,,松江区新桥镇社区卫生服务中心场西社区卫生服务站,松江区
新桥镇茜浦路889号,一级,,松江区新桥镇社区卫生服务中心晨星社区卫生服务站,松江区
松江区九亭镇沪亭南路507、509号一、二层511、513、515、517二层,一级,,上海庆云中医门诊部,松江区
辰花路2125弄125号,二级,,上海申园康复医院,松江区
新浜镇文华村,一级,,松江区新浜镇社区卫生服务中心新浜镇胡家埭村中心卫生室,松江区
泗泾镇古楼路656弄111号,一级,,松江区泗泾镇社区卫生服务中心泗泾镇润江中心卫生室,松江区
水丰路383号,一级,,杨浦区延吉社区卫生服务中心,杨浦区
殷行路429号,一级,,杨浦区殷行社区卫生服务中心,杨浦区
铁岭路39号,一级,,杨浦区四平社区卫生服务中心,杨浦区
纪念路100号甲,一级,,杨浦区五角场街道社区卫生服务中心,杨浦区
杨浦区长阳路1389弄75号,一级,,杨浦区大桥社区卫生服务中心,杨浦区
松花江路15号,一级,,杨浦区长白社区卫生服务中心,杨浦区
杨浦区营口路760号,一级,,杨浦区五角场镇社区卫生服务中心,杨浦区
民星路574号,二级,,上海市杨浦区市东医院民星分院,杨浦区
开鲁路382弄36号,一级,,上海中原护理院,杨浦区
吴中东路500弄4号-3临,一级,,徐汇区田林街道社区卫生服务中心吴东社区卫生服务站,徐汇区
徐汇区斜土路2120、2130、2140号,二级,,上海计生所医院,徐汇区
徐汇区龙漕路200弄乙字1号,一级,,上海一康康复医院,徐汇区
上海市徐汇区桂平路689号,三级,,上海嘉会国际医院,徐汇区
凯旋路3580号2楼2001-2018、2070-2131、2136-2141室,一级,,上海恒寿堂中医门诊部,徐汇区
上海市徐汇区桂林路406号8号楼B1层、一层、二层、三层301-305室、五层,三级,,上海全景医学影像诊断中心,徐汇区
三门路726号,一级,,上海蓝鹰医院,虹口区
上海市虹口区池沟路80号,一级,,上海海江老年医院,虹口区
四平路421弄133号1层,一级,,上海清长腾护理站,虹口区
四川北路1661号3幢103-5室,一级,,上海福虹护理站,虹口区
天宝西路248弄11号3室,一级,,上海健欧护理站,虹口区
黄浦区旧校场路33号2楼,一级,,上海老城隍庙童涵春堂中医门诊部（限于中医科的中药饮片和中药煎药费）,黄浦区
普育西路49号底层,一级,,黄浦区半淞园街道社区卫生服务中心普益社区卫生服务站,黄浦区
光启南路225号,一级,,黄浦区小东门街道社区卫生服务中心,黄浦区
花园路16号1601室,一级,,上海富宇护理站,虹口区
万安路1207号,一级,,虹口区江湾镇街道社区卫生服务中心胜利社区卫生服务站,虹口区
虹口区江湾镇三门路719弄41号一楼,一级,,虹口区江湾镇街道社区卫生服务中心三门路社区卫生服务站,虹口区
虹口区车站北路732弄77号,一级,,虹口区凉城新村街道社区卫生服务中心文苑社区卫生服务站,虹口区
黄浦区南京东路450号五楼、六楼,一级,,上海蔡同德堂中医门诊部（限于中医科的中药饮片和中药煎药费）,黄浦区
上海市淮海中路849—853号2楼；833弄5号,一级,,上海劲松中医门诊部(限中医科的中药饮片和中药煎药费费用),黄浦区
南仓街38号底层北侧,一级,,上海市黄浦区小东门街道社区卫生服务中心第二执业点,黄浦区
上海市浦东新区东方路2121号1-2层,一级,,上海市华隆堂中医门诊部,黄浦区
黄浦区人民路3号,一级,,上海童涵春堂国药号中医门诊部（限于中医科的中药饮片和中药煎药费）,黄浦区
斜徐路553号,一级,,上海泰坤堂中医医院（限门诊）,黄浦区
西藏南路758号2楼A室、3楼,二级,,上海瑞视维景眼科医院（限门诊）,黄浦区
真南路528号,二级,,上海天佑医院,普陀区
清峪路392号一层、384号第二层-392号第二层,一级,,上海德杏堂中医门诊部,普陀区
真南路822弄420号,一级,,普陀区桃浦镇第二社区卫生服务中心,普陀区
真南路822弄420号,一级,,普陀区桃浦镇第二社区卫生服务中心,普陀区
康桥镇横沔老街河西街,一级,,浦东新区康桥社区卫生服务中心老镇社区卫生服务站,浦东新区
惠南镇红光小区856号,一级,,浦东新区惠南社区卫生服务中心红光社区卫生服务站,浦东新区
上海市浦东新区惠南镇北门路71号,二级,,上海市浦东新区南华医院,浦东新区
浦东新区懿行路971弄1115号底层,一级,,浦东新区三林社区卫生服务中心东方康德社区卫生服务站,浦东新区
塔城路432号,一级,,嘉定区嘉定镇街道社区卫生服务中心第二执业点,嘉定区
北大街128号,一级,,嘉定区嘉定镇街道社区卫生服务中心,嘉定区
嘉定镇李园二村59号北,一级,,嘉定区嘉定镇街道社区卫生服务中心嘉中社区卫生服务站,嘉定区
真新丰庄路255号,一级,,嘉定区真新社区卫生服务中心,嘉定区
浦东新区德川路469号,一级,,浦东新区黄楼社区卫生服务中心万馨社区卫生服务站,浦东新区
浦东新区云台路1800号,二级,,上海市东方医院（南院）,浦东新区
长岛路1398弄46号,一级,,浦东新区浦兴社区卫生服务中心荷五路社区卫生服务站,浦东新区
临沂路219号,二级,,浦东新区浦南医院,浦东新区
浦东新区东书房路629弄16号,一级,,上海市浦东新区迎博社区卫生服务中心世博家园社区卫生服务站,浦东新区
浦东新区蓝村路502弄27-29号,一级,,上海童涵春堂兰村中医门诊部（限于中医科的中药饮片和中药煎药费）,浦东新区
嘉定工业区嘉朱公路1650号,一级,,嘉定工业区社区卫生服务中心,嘉定区
嘉定区宝钱公路2890号,一级,,嘉定工业区社区卫生服务中心分中心,嘉定区
嘉定工业区富蕴路195弄38号,一级,,嘉定工业区社区卫生服务中心富蕴社区卫生服务站,嘉定区
嘉定区安亭镇嘉松北路4018号,一级,,嘉定区安亭镇社区卫生服务中心分中心,嘉定区
昌吉路231弄3号,一级,,嘉定区安亭镇社区卫生服务中心红梅社区卫生服务站,嘉定区
上海市嘉定区澄浏中路3000号3幢二层、4幢,一级,,上海颐康中医医院,嘉定区
横召村3008号,一级,,金山卫镇横召村卫生室,金山区
上海市金山区前京大道349号,一级,,上海卫夷护理站（仅提供居家护理服务）,金山区
上海市金山区漕泾镇阮巷街道2号,一级,,上海市金山区漕泾镇阮巷村老街卫生室,金山区
上海市闵行区都市路4448号、4452号,一级,,上海大方脉中医门诊部,闵行区
上海市闵行区闵驰二路23号1层,一级,,上海市闵行区浦江社区卫生服务中心欣佳宝邸社区卫生服务站,闵行区
上海市闵行区顾戴路1178弄51号1-2层、52号底层、53号底层,一级,,上海大震堂中医门诊部,闵行区
盘古路689弄24号102室,一级,,宝山区友谊街道社区卫生服务中心同济公寓社区卫生服务站,宝山区
通河路639号,一级,,宝山区张庙街道长江路社区卫生服务中心,宝山区
长江西路1619号,一级,,宝山区张庙街道长江路社区卫生服务中心通河社区卫生服务站,宝山区
通河路136号,一级,,宝山区张庙街道长江路社区卫生服务中心共江社区卫生服务站,宝山区
宝山区水产西路1138号,一级,,宝山区顾村镇社区卫生服务中心,宝山区
洞泾镇渔洋浜村,一级,,松江区洞泾镇社区卫生服务中心洞泾镇渔洋浜村中心卫生室,松江区
平凉路222弄1号,一级,,杨浦区民办安定医院,杨浦区
佳木斯路258号,一级,,上海新光医院,杨浦区
政立路784～788号双号,一级,,上海大柏树门诊部,杨浦区
四平路2100弄24号底层,一级,,上海利民门诊部,杨浦区
临青路535号底层、537号底层-2层、539号底层-2层、543号2层,一级,,上海海滨门诊部,杨浦区
金山区卫清西路755号-767号,一级,,上海建国医院（限门诊结算）,金山区
朱泾镇秀州村3150号,一级,,金山区朱泾社区卫生服务中心朱泾镇秀州村卫生室,金山区
朱泾镇牡丹村2组2088号,一级,,金山区朱泾社区卫生服务中心朱泾镇牡丹村卫生室,金山区
金山工业区月工路888号,一级,,金山工业区社区卫生服务中心便利中心社区卫生服务站,金山区
上海市金山区卫清东路2895号杭州湾家园小区商业楼（5#楼）1-3楼,二级,,上海爱尔睛亮眼科医院,金山区
亭林镇亭升路102-108号,一级,,上海亭升中医门诊部,金山区
枫泾镇菖梧村6008-5号,一级,,枫泾镇社区卫生服务中心枫泾镇菖梧村卫生室,金山区
吴泾镇永德路790号,一级,,闵行区吴泾第二社区卫生服务中心,闵行区
虹梅南路1588弄26号,一级,,闵行区梅陇社区卫生服务中心行南社区卫生服务站,闵行区
吴中路829号,一级,,闵行区虹桥社区卫生服务中心,闵行区
虹莘路3799弄,一级,,闵行区虹桥社区卫生服务中心井亭社区卫生服务站,闵行区
姚虹东路108弄2号,一级,,闵行区虹桥社区卫生服务中心振虹社区卫生服务站,闵行区
航东路608号,一级,,闵行区龙柏社区卫生服务中心,闵行区
青杉路250号,一级,,闵行区龙柏社区卫生服务中心龙柏分中心,闵行区
顾村镇共富二路120号,一级,,宝山区顾村镇社区卫生服务中心共富社区卫生服务站,宝山区
盛桥一村26号,一级,,宝山区月浦镇盛桥社区卫生服务中心,宝山区
虎林路439号,一级,,宝山区张庙街道泗塘社区卫生服务中心,宝山区
淞良路301号,一级,,宝山区淞南镇社区卫生服务中心,宝山区
淞南镇长江南路530弄,一级,,宝山区淞南镇社区卫生服务中心塘桥社区卫生服务站,宝山区
洞泾镇渔洋浜村,一级,,松江区洞泾镇社区卫生服务中心洞泾镇渔洋浜村中心卫生室,松江区
洞泾镇砖桥村,一级,,松江区洞泾镇社区卫生服务中心洞泾镇砖桥村中心卫生室,松江区
洞泾镇王家厍路885弄7号101,一级,,松江区洞泾镇社区卫生服务中心洞泾镇塘桥村中心卫生室,松江区
松江区阔街23号,一级,,上海博大医院,松江区
叶榭镇徐姚村,一级,,松江区叶榭镇社区卫生服务中心叶榭镇徐姚村中心卫生室,松江区
上海市杨浦区靖宇中路70号一层南间、二层南间,一级,,上海荣庆堂中医门诊部,杨浦区
杨浦区政和路107号,一级,,上海市杨浦区新江湾城街道社区卫生服务中心,杨浦区
上海市杨浦区周家嘴路3850号,一级,,上海东胡庆余堂中医门诊部,杨浦区
上海市杨浦区延吉中路105号,一级,,上海泽顾护理院,杨浦区
上海市杨浦区淞沪路398号101-105室,一级,,上海友医友杨中医门诊部,杨浦区
石龙路269号,二级,,上海沪申五官科医院,徐汇区
龙漕路218号2、3号楼,三级,,上海远大心胸医院（按照三级专科管理，参照二级结算）,徐汇区
上海市徐汇区龙华西路323号8幢501、502、503室,一级,,上海福亨中医门诊部,徐汇区
徐汇区龙漕路23号,一级,,上海真安堂中医门诊部,徐汇区
徐汇区龙吴路575-577号,一级,,上海歧黄安康中医门诊部,徐汇区
杨浦区沈阳路128号,三级,,复旦大学附属妇产科医院杨浦新院,黄浦区
黄浦区斜土路105号,二级,,上海医博肛泰医院,黄浦区
丽园路490号,一级,,黄浦区顺昌医院第二执业点,黄浦区
陆家浜路721号,一级,,上海榕馨堂中医门诊部,黄浦区
叶榭镇东石村,一级,,松江区叶榭镇社区卫生服务中心叶榭镇东石村中心卫生室,松江区
叶榭镇东勤村,一级,,松江区叶榭镇社区卫生服务中心叶榭镇东勤村中心卫生室,松江区
叶榭镇同建村,一级,,松江区叶榭镇社区卫生服务中心叶榭镇同建村中心卫生室,松江区
石湖荡镇东港村,一级,,松江区石湖荡镇社区卫生服务中心石湖荡镇东港村中心卫生室,松江区
徐汇区斜土路2421号6号康复楼3-5层,一级,,上海承志堂中医门诊部,徐汇区
浦东新区耀华路389号,三级,,复旦大学附属眼耳鼻喉科医院浦东分院,徐汇区
龙华西路107号,一级,,上海汇丰中医门诊部（限于中医科的中药饮片和中药煎药费）,徐汇区
龙漕路51弄4号309室,一级,,上海福汇护理站（仅提供居家护理服务）,徐汇区
上海市徐汇区斜土路1105号一层,一级,,上海雷氏中医门诊部,徐汇区
淡水路345弄9号3楼,一级,,上海康海护理站,黄浦区
黄陂南路707弄27号,一级,,黄浦区淮海中路街道社区卫生服务中心黄陂卫生服务站,黄浦区
长乐路39号,一级,,黄浦区瑞金二路街道社区卫生服务中心长乐路第二执业点,黄浦区
黄浦区蒙自东路45号,一级,,上海万达全程护理站（仅提供居家护理服务）,黄浦区
上海市普育东路58号,二级,,上海交通大学医学院附属第九人民医院黄浦分院,黄浦区
黄浦区普安路185号三楼B1座，四楼B座,一级,,上海曙名中医门诊部,黄浦区
上海市嘉定工业区富蕴路248号,一级,,上海市嘉定工业区社区卫生服务中心南区分中心,嘉定区
翔黄公路801弄桂园小区149号,一级,,嘉定区安亭镇社区卫生服务中心桂园社区卫生服务站,嘉定区
华亭镇嘉行公路3285号,一级,,嘉定区华亭镇社区卫生服务中心,嘉定区
黄渡镇新黄路10号,一级,,嘉定区安亭镇黄渡社区卫生服务中心,嘉定区
黄渡镇绿苑五村,一级,,嘉定区黄渡镇社区卫生服务中心绿苑五村社区卫生服务站,嘉定区
黄渡镇联群村,一级,,嘉定区黄渡镇社区卫生服务中心联群村社区卫生服务站,嘉定区
黄渡镇泥岗村,一级,,嘉定区黄渡镇社区卫生服务中心泥岗村社区卫生服务站,嘉定区
沪宜公路2091号,一级,,嘉定区马陆镇社区卫生服务中心,嘉定区
戬浜镇大治路460号,一级,,嘉定区马陆镇社区卫生服务中心戬浜分中心,嘉定区
马陆镇双单路36弄9号,一级,,嘉定区马陆镇社区卫生服务中心双善社区卫生服务站,嘉定区
浦东新区孙桥镇工农路25号,一级,,上海洪天护理院,浦东新区
浦东新区航头镇航南公路501号4号楼，5号楼,一级,,上海航馨护理院,浦东新区
浦东新区惠南镇人民西路99号,二级,,上海新视界东区眼科医院,浦东新区
浦东新区浦东南路2162号1幢（一层、二层C单元）,一级,,上海泰坤堂东馆中西医结合门诊部,浦东新区
上海市浦东新区新场镇新南村,一级,,上海市浦东新区新场镇新南村卫生室,浦东新区
环桥路1481弄1号,一级,,康桥镇馨村卫生室,浦东新区
上海市浦东新区沪南公路4591号,一级,,上海市浦东新区航头鹤沙社区卫生服务中心,浦东新区
上海市浦东新区康新公路4538号1号楼、2号楼,三级,,上海国际医学中心,浦东新区
浦东新区东方路573弄8号2楼,一级,,上海同仁堂济世中医门诊部（限于中医科的中药饮片和中药煎药费）,浦东新区
浦东新区博兴路616弄37号,一级,,上海市浦东新区沪东社区卫生服务中心博二社区卫生服务站,浦东新区
双阳支路10-1号,一级,,上海怡百康护理院,杨浦区
水电新村8号甲,一级,,杨浦区殷行社区卫生服务中心水电新村社区卫生服务站,杨浦区
市光四村56号,一级,,杨浦区殷行社区卫生服务中心市光四村社区卫生服务站,杨浦区
国和路1045号,一级,,杨浦区殷行社区卫生服务中心国和社区卫生服务站,杨浦区
华浜新村82号,一级,,宝山淞南镇社区卫生服务中心华浜社区卫生服务站,宝山区
宝山区新二路1270号,一级,,宝山松南镇社区卫生服务中心新二社区卫生服务站,宝山区
一二八纪念路55弄38号102室,一级,,宝山区淞南镇社区卫生服务中心盛达社区卫生服务站,宝山区
同济路313号,一级,,宝山区吴淞街道社区卫生服务中心,宝山区
杨浦区双阳路488号,一级,,杨浦区沪东老年护理院,杨浦区
枫泾镇新元村4053-2号,一级,,枫泾镇社区卫生服务中心枫泾镇新元村卫生室,金山区
枫泾镇钱明村王圩东路5088号,一级,,枫泾镇社区卫生服务中心枫泾镇钱明村卫生室,金山区
枫泾镇新新村养义1062号,一级,,枫泾镇社区卫生服务中心枫泾镇新新村卫生室,金山区
枫泾镇团新村7002号,一级,,枫泾镇社区卫生服务中心枫泾镇团新村卫生室,金山区
航南路22号,一级,,闵行区龙柏社区卫生服务中心航华三村社区卫生服务站,闵行区
马桥镇富砾路188号,一级,,闵行区马桥社区卫生服务中心,闵行区
闵行区浦江镇江文路681号,一级,,闵行区浦江社区卫生服务中心,闵行区
闵行区浦瑞路333号,一级,,闵行区浦江社区卫生服务中心陈行分中心,闵行区
闵行区鲁汇镇闸航路2550弄39号,一级,,闵行区浦江社区卫生服务中心鲁汇分中心,闵行区
淞滨路120号,一级,,宝山区吴淞街道社区卫生服务中心（淞滨路执业点）,宝山区
泰和路710弄11号,一级,,宝山区吴淞街道社区卫生服务中心泗东新村社区卫生服务站,宝山区
永清一村133号,一级,,宝山区吴淞街道社区卫生服务中心永清一村社区卫生服务站,宝山区
海江二村71号,一级,,宝山区吴淞街道社区卫生服务中心海江二村社区卫生服务站,宝山区
杨行镇杨泰路239号,一级,,宝山区杨行镇社区卫生服务中心,宝山区
宝山区杨北村会所,一级,,宝山区杨行镇社区卫生服务中心杨北社区卫生服务站,宝山区
枫泾镇韩坞村2163号,一级,,枫泾镇社区卫生服务中心枫泾镇韩坞村卫生室,金山区
枫泾镇五星村蒋浜1070号,一级,,枫泾镇社区卫生服务中心枫泾镇五星村卫生室,金山区
枫泾镇卫星村4059号,一级,,枫泾镇社区卫生服务中心枫泾镇卫星村卫生室,金山区
漕泾镇水库村长堰1155号,一级,,漕泾镇社区卫生服务中心漕泾镇水库卫生室,金山区
漕泾镇增丰村2058号,一级,,漕泾镇社区卫生服务中心漕泾镇增丰村卫生室,金山区
亭林镇亭虹路316号,一级,,亭林镇社区卫生服务中心亭林镇亭东村卫生室,金山区
七宝镇富强街94号,一级,,闵行区七宝社区卫生服务中心,闵行区
万科花园七莘路3333号,一级,,闵行区七宝社区卫生服务中心万科城市花园社区卫生服务站,闵行区
漕宝路1555弄,一级,,闵行区七宝社区卫生服务中心大上海国际花园社区卫生服务站,闵行区
北吴路448号,一级,,闵行区吴泾社区卫生服务中心,闵行区
剑川路100弄43号,一级,,闵行区吴泾社区卫生服务中心（剑川路执业点）,闵行区
松江区茸惠路1100弄37号,一级,,松江区中山街道社区卫生服务中心中山文化苑社区卫生服务站,松江区
松江区新桥镇新南路825号,一级,,上海市松江区新桥镇社区卫生服务中心分中心,松江区
徐汇区龙华西路315弄38号甲,一级,,徐汇区漕河泾街道社区卫生服务中心华富社区卫生服务站,徐汇区
上海市黄浦区巨鹿路417号101室,一级,,上海泰申中医门诊部,黄浦区
河南南路555弄9-10号,一级,,黄浦区老西门街道社区卫生服务中心士林华苑服务站,黄浦区
上海市大吉路188号,一级,,黄浦区老西门街道社区卫生服务中心开元坊服务站,黄浦区
淮海中路622弄7号109、110室,一级,,上海春泽中医门诊部,黄浦区
重庆南路149号诊疗办公室,三级,,上海美中嘉和肿瘤门诊部,黄浦区
外马路974号11楼,一级,,上海万达全程健康门诊部,黄浦区
上海市嘉定区宝安公路3705弄1号楼1层66、67、70、71、73、75,一级,,上海济安中医门诊部,嘉定区
外岗镇祁昌路355号,一级,,嘉定区外冈镇社区卫生服务中心,嘉定区
嘉定徐行镇开源路5号,一级,,嘉定区徐行镇社区卫生服务中心,嘉定区
嘉定区徐行镇澄浏公路457弄37临,一级,,嘉定区徐行镇社区卫生服务中心徐行社区卫生服务站,嘉定区
墅沟路400号,一级,,嘉定区迎园医院,嘉定区
江桥镇虞姬墩路48号,一级,,嘉定区江桥镇社区卫生服务中心,嘉定区
嘉定区江桥镇翔封路145号,一级,,嘉定区江桥镇社区卫生服务中心封浜分中心,嘉定区
嘉定江桥镇丰江路158号,一级,,嘉定区江桥镇社区卫生服务中心丰江路执业点,嘉定区
平城路785号,一级,,嘉定区菊园新区社区卫生服务中心,嘉定区
菊园新区青冈村811号,一级,,嘉定区菊园新区社区卫生服务中心青冈社区卫生服务站,嘉定区
浦东新区东波路195弄46号102室,一级,,上海市浦东新区沪东社区卫生服务中心东波社区卫生服务站,浦东新区
上海市浦东新区双桥路184一楼（东）,一级,,上海市浦东新区浦兴社区卫生服务中心双桥社区卫生服务站,浦东新区
上海市浦东新区莲溪路1210号1号楼,一级,,上海正德医院,浦东新区
上海市浦东新区北艾路1195号,一级,,上海君康医院,浦东新区
上海市浦东新区周浦镇年家浜路388号2、3、4、5幢,一级,,上海知音医院,浦东新区
上海市浦东新区众安村笋王路3000号1室,一级,,上海市浦东新区新场镇众安村卫生室,浦东新区
浦东新区川沙路1295号,一级,,上海尚德医院,浦东新区
中国（上海）自由贸易试验区东方路1529号201室,一级,,上海神华中医门诊部,浦东新区
上海市浦东新区航头镇沪南公路5994号二楼、5996号,一级,,上海南航医院,浦东新区
上海市浦东新区金晓路65号一楼（北区）,一级,,上海市浦东新区曹路社区卫生服务中心金晓社区卫生服务站,浦东新区
蕰川路1498弄101号,一级,,宝山区杨行镇社区卫生服务中心天馨花园社区卫生服务站,宝山区
友谊西路铁峰路2000弄会所,一级,,宝山区杨行镇社区卫生服务中心友谊佳园社区卫生服务站,宝山区
潘沪路28号,一级,,宝山区罗泾镇社区卫生服务中心,宝山区
月浦龙镇路2号,一级,,宝山区月浦镇社区卫生服务中心,宝山区
马泾新村10号,一级,,宝山区月浦镇社区卫生服务中心马泾桥社区卫生服务站,宝山区
共康东路55号,一级,,宝山区高境镇社区卫生服务中心,宝山区
逸仙路1321弄1支弄42号,一级,,宝山区高境镇社区卫生服务中心逸仙一村二居社区卫生服务站,宝山区
共和新路4719弄202号,一级,,宝山区高境镇社区卫生服务中心共和九居社区卫生服务站,宝山区
殷高路21弄60号,一级,,宝山区高境镇社区卫生服务中心逸仙三村一居社区卫生服务站,宝山区
汶水路1662号,一级,,宝山区大场镇大场社区卫生服务中心,宝山区
颛桥镇颛兴路122号,一级,,闵行区颛桥社区卫生服务中心,闵行区
闵行区金塔路120号,一级,,闵行区颛桥社区卫生服务中心北桥分中心,闵行区
都市路4258号,一级,,闵行区颛桥社区卫生服务中心田园都市社区卫生服务站,闵行区
亭林镇亭枫公路1036号-1（临）,一级,,亭林镇社区卫生服务中心亭林镇金门中心卫生室,金山区
亭林镇浩光村3148号,一级,,亭林镇社区卫生服务中心亭林镇浩光村卫生室,金山区
亭林镇红阳村车亭公路3459号,一级,,亭林镇社区卫生服务中心亭林镇红阳村卫生室,金山区
都市南路165弄1号底楼西侧,一级,,闵行区颛桥社区卫生服务中心银春社区卫生服务站,闵行区
春光路742号,一级,,闵行区颛桥社区卫生服务中心申北社区卫生服务站,闵行区
莘庄镇水清路1099号,一级,,闵行区莘庄社区卫生服务中心,闵行区
莘朱路487号,一级,,闵行区莘庄社区卫生服务中心莘城社区卫生服务站,闵行区
沁园春二村内,一级,,闵行区莘庄社区卫生服务中心沁园春社区卫生服务站,闵行区
莘北路399弄52号,一级,,闵行区莘庄社区卫生服务中心绿梅社区卫生服务站,闵行区
龙茗路668号,一级,,闵行区古美社区卫生服务中心,闵行区
山阳镇杨家村3992号,一级,,山阳镇社区卫生服务中心山阳镇杨家卫生室,金山区
山阳镇长兴村2009号,一级,,山阳镇社区卫生服务中心山阳镇长兴卫生室,金山区
金山嘴工业管理区华江新村46号,一级,,山阳镇社区卫生服务中心金山嘴工业管理区新江中心卫生室,金山区
山阳镇红旗东路232弄51支弄38号,一级,,山阳镇社区卫生服务中心山阳镇向阳中心卫生室,金山区
山阳镇中兴村8055号,一级,,山阳镇社区卫生服务中心山阳镇中兴中心卫生室,金山区
山阳镇渔业村6406号,一级,,山阳镇社区卫生服务中心山阳镇渔业卫生室,金山区
廊下镇中联村3013号,一级,,廊下镇社区卫生服务中心廊下镇中联村卫生室,金山区
嘉定区南翔镇民主街97号,一级,,嘉定区南翔镇社区卫生服务中心,嘉定区
嘉定区江桥镇高潮路781弄105号,一级,,上海大宅门诊部,嘉定区
华亭镇华谊一路180号,一级,,嘉定区华亭镇社区卫生服务中心分中心,嘉定区
南翔镇胜辛南路455弄,一级,,南翔镇社区卫生服务中心新裕村卫生室,嘉定区
南翔镇惠裕路838号,一级,,南翔镇社区卫生服务中心永丰村卫生室,嘉定区
南翔镇永乐村翔乐路26号,一级,,南翔镇社区卫生服务中心永乐村卫生室,嘉定区
南翔镇老翔黄公路215弄4号,一级,,南翔镇社区卫生服务中心红翔村卫生室,嘉定区
南翔镇新丰村新勤路488号,一级,,南翔镇社区卫生服务中心新丰村卫生室,嘉定区
南翔镇静唐路1058号,一级,,南翔镇社区卫生服务中心浏翔村卫生室,嘉定区
南翔镇丰翔路3055弄155号,一级,,南翔镇社区卫生服务中心曙光村卫生室,嘉定区
上海市浦东新区川沙新镇学北路349号、351号,一级,,上海市浦东新区川沙社区卫生服务中心曙光社区卫生服务站,浦东新区
浦东新区周浦镇周东路702-720号（双号）、川周公路4108-4130号,二级,,上海国龙医院,浦东新区
浦东新区浦东大道1460弄4号101室,一级,,浦东新区洋泾社区卫生服务中心海院社区卫生服务站,浦东新区
浦东新区川沙镇新川路280号2楼、1楼东,一级,,上海新川门诊部,浦东新区
浦东新区张扬北路581号二层、583号一层、二层,一级,,上海锦医堂中医门诊部,浦东新区
浦东新区南汇新城镇竹柏路253弄16号,一级,,浦东新区芦潮港社区卫生服务中心宜浩佳园社区卫生服务站,浦东新区
浦东新区南汇新城镇古棕路168弄3号,一级,,浦东新区芦潮港社区卫生服务中心古棕路社区卫生服务站,浦东新区
浦东新区三林镇西泰林路850弄90号,一级,,浦东新区三林社区卫生服务中心永泰社区卫生服务站,浦东新区
浦东新区三林镇和炯路77弄28号底层,一级,,上海市浦东新区三林康德社区卫生服务中心和炯社区卫生服务站,浦东新区
浦东新区泥城镇彩云路70、72、76号,一级,,浦东新区泥城社区卫生服务中心云帆苑社区卫生服务站,浦东新区
真金路1039弄51号,一级,,宝山区大场镇大场社区卫生服务中心大华四村社区卫生服务站,宝山区
长江西路2700号,一级,,宝山区庙行镇社区卫生服务中心,宝山区
共康路345号,一级,,宝山区庙行镇社区卫生服务中心共康社区卫生服务站,宝山区
富锦路660号,一级,,上海市民政老年医院,宝山区
湄浦路400弄1号,一级,,上海钢城门诊部,宝山区
虎林路521号,一级,,上海市宝山区建工护理院,宝山区
宝山区罗店镇美诺路251号,一级,,宝山区罗店镇社区卫生服务中心美兰湖分中心,宝山区
宝山区密山路101号,一级,,宝山区友谊街道社区卫生服务中心宝钢三村社区卫生服务站,宝山区
上海市宝山区潘泾路5998号临2号楼,一级,,上海金色怡福护理院,宝山区
月浦镇段泾村陆家宅50号-2临,一级,,上海金色晚年护理院,宝山区
廊下镇友好村5032（临）,一级,,廊下镇社区卫生服务中心廊下镇友好村卫生室,金山区
廊下镇中民村5069号,一级,,廊下镇社区卫生服务中心廊下镇中民村卫生室,金山区
虹莘路2288弄135号,一级,,闵行区古美社区卫生服务中心平吉社区卫生服务站,闵行区
平南三村48号,一级,,闵行区古美社区卫生服务中心平南社区卫生服务站,闵行区
平阳路92号,一级,,闵行区古美社区卫生服务中心成亿社区卫生服务站,闵行区
华漕镇诸翟保乐路2号,一级,,闵行区华漕社区卫生服务中心,闵行区
华漕镇吴漕路1038号,一级,,闵行区新虹社区卫生服务中心华美分中心,闵行区
华漕镇纪王镇纪信路47号,一级,,闵行区华漕社区卫生服务中心纪王分中心,闵行区
沪闵路63号,一级,,闵行区江川社区卫生服务中心,闵行区
昆阳路520弄10号,一级,,闵行区江川社区卫生服务中心碧江分中心,闵行区
碧江路388号,一级,,闵行区江川社区卫生服务中心红旗社区卫生服务站,闵行区
闵行区永平路61号,一级,,闵行区江川社区卫生服务中心沧源社区卫生服务站,闵行区
南翔镇陈翔路2288弄248号,一级,,南翔镇社区卫生服务中心静华村卫生室,嘉定区
外冈镇宝钱公路4560号,一级,,外冈镇社区卫生服务中心甘柏村卫生室,嘉定区
外冈镇巨门村424号,一级,,外冈镇社区卫生服务中心巨门村卫生室,嘉定区
华亭镇霜竹路棋盘桥西堍,一级,,华亭镇社区卫生服务中心联一村卫生室,嘉定区
华亭镇沪华中路111弄1号,一级,,华亭镇社区卫生服务中心联三村卫生室,嘉定区
华亭镇金吕村向华路501号,一级,,华亭镇社区卫生服务中心金吕村卫生室,嘉定区
华亭镇浏翔公路6661号,一级,,华亭镇社区卫生服务中心华亭村卫生室,嘉定区
华亭镇高石路徐星路口南,一级,,华亭镇社区卫生服务中心北新村卫生室,嘉定区
华亭镇霜竹路830号,一级,,华亭镇社区卫生服务中心北新村徐村卫生室,嘉定区
华亭镇霜竹路1268号,一级,,华亭镇社区卫生服务中心毛桥村卫生室,嘉定区
上海市浦东新区浦东大道2552号C楼,一级,,上海安济门诊部,浦东新区
上海市浦东新区张杨路1952号1-2层,一级,,上海仁医堂中医门诊部,浦东新区
上南路3300号,一级,,上海明珠医院,浦东新区
浦东新区即墨路150号,三级,,上海市东方医院（二级结算）,浦东新区
川沙镇川环南路490号,二级,,浦东新区人民医院,浦东新区
苗圃路219号,二级,,浦东新区公利医院,浦东新区
菏泽路582号,二级,,浦东新区公利医院金桥门诊部,浦东新区
浦东南路2400号,二级,,浦东新区浦南医院第二执业点,浦东新区
高桥镇大同路358号,二级,,上海市第七人民医院,浦东新区
沪东路238号,二级,,上海沪东医院,浦东新区
宝山区菊盛路879号202-203室,一级,,上海翼康中医门诊部（限于中医科的中药饮片和中药煎药费）,宝山区
宝山区联泰路63号,一级,,上海爱以德联泰护理院,宝山区
电台路568弄13号,一级,,宝山区顾村镇社区卫生服务中心世纪长江苑社区卫生服务站,宝山区
顾村镇电台路,一级,,顾村镇社区卫生服务中心顾村村卫生室,宝山区
顾村镇泰和路,一级,,顾村镇社区卫生服务中心盛宅村卫生室,宝山区
顾村镇联谊路,一级,,顾村镇社区卫生服务中心胡庄村卫生室,宝山区
顾村镇星星村,一级,,顾村镇社区卫生服务中心星星村卫生室,宝山区
大场镇锦秋路2453号,一级,,大场镇祁连社区卫生服务中心三星社区卫生服务站,宝山区
大场镇真陈路900号,一级,,大场镇祁连社区卫生服务中心五星社区卫生服务站,宝山区
聚丰园路628弄165号会所一楼,一级,,大场镇祁连社区卫生服务中心丰收村社区卫生服务站,宝山区
闵行区浦驰路52号,一级,,闵行区世博家园门诊部,闵行区
沪闵路309号,一级,,上海军民护理院,闵行区
闵行区平吉路528号,一级,,闵行区古美社区卫生服务中心万源城社区卫生服务站,闵行区
沪闵路3211号,一级,,上海同宁精神病康复院,闵行区
莘庄镇青春村金家塘,一级,,上海青春精神病康复院,闵行区
北松路299号,一级,,上海吴中精神病康复医院,闵行区
沪闵路1677号,一级,,上海紫兴精神病康复院,闵行区
上海市闵行区竹园西路1002号及1034号一层、二层,一级,,上海市闵行区浦锦社区卫生服务中心,闵行区
上海市闵行区金光路259号,一级,,上海快乐家园护理院,闵行区
上海市闵行区七莘路3563号、星站路169号地下一层A01-A06室,一级,,上海莘宝中医门诊部,闵行区
华亭镇嘉行公路2935号,一级,,华亭镇社区卫生服务中心唐行村卫生室,嘉定区
华亭镇嘉行公路2681号,一级,,华亭镇社区卫生服务中心塔桥村卫生室,嘉定区
华亭镇连俊村6组,一级,,华亭镇社区卫生服务中心连俊村卫生室,嘉定区
华亭镇双塘村24号,一级,,华亭镇社区卫生服务中心双塘村卫生室,嘉定区
嘉定工业区赵庵路2388弄18号,一级,,嘉定工业区社区卫生服务中心娄东村先塘卫生室,嘉定区
嘉定工业区娄陆公路1023号,一级,,嘉定工业区社区卫生服务中心陆渡村卫生室,嘉定区
嘉定工业区嘉朱公路138号,一级,,嘉定工业区社区卫生服务中心灯塔村卫生室,嘉定区
嘉定工业区雨化村和平1160号,一级,,嘉定工业区社区卫生服务中心雨花村和平卫生室,嘉定区
嘉定工业区旺泾村1766号,一级,,嘉定工业区社区卫生服务中心旺泾村卫生室,嘉定区
嘉定工业区黎明村556号,一级,,嘉定工业区社区卫生服务中心黎明村卫生室,嘉定区
浦东新区崂山路523号,二级,,上海长航医院,浦东新区
川沙镇绣川路340号,二级,,浦东新区中医医院,浦东新区
万德路49号,二级,,浦东新区中医医院罗山分院,浦东新区
三林路165号,二级,,浦东新区精神卫生中心,浦东新区
源深路622号,二级,,浦东新区精神卫生中心源深路执业点,浦东新区
金桥红枫路599号,二级,,浦东新区妇幼保健院,浦东新区
曹路镇秦家港路1569号,二级,,浦东新区肺科医院,浦东新区
华夏东路3018弄46号,二级,,浦东新区传染病医院,浦东新区
浦三路696号,一级,,浦东新区南码头社区卫生服务中心,浦东新区
乳山路235弄1号,一级,,浦东新区陆家嘴社区卫生服务中心,浦东新区
南大路600号,一级,,大场镇第三社区卫生服务中心南大社区卫生服务站,宝山区
沪太支路1107弄8号,一级,,大场镇第三社区卫生服务中心场中社区卫生服务站,宝山区
沪太路3156号,一级,,大场镇第三社区卫生服务中心联东社区卫生服务站,宝山区
盛桥钱陆路西侧,一级,,月浦镇盛桥社区卫生服务中心月狮社区卫生服务站,宝山区
月浦镇聚源桥村委会西侧,一级,,月浦镇盛桥社区卫生服务中心聚源桥社区卫生服务站,宝山区
石太路365号,一级,,月浦镇盛桥社区卫生服务中心盛星社区卫生服务站,宝山区
场北路835号,一级,,庙行镇社区卫生服务中心场北社区卫生服务站,宝山区
共康路601号,一级,,庙行镇社区卫生服务中心康家社区卫生服务站,宝山区
月浦镇德都路218弄68号,一级,,月浦镇社区卫生服务中心乐业社区卫生服务站,宝山区
罗泾镇合建村,一级,,罗泾镇社区卫生服务中心合建村社区卫生服务站,宝山区
上海市闵行区青衫路250号,一级,,上海市闵行区虹桥社区卫生服务中心龙柏分中心,闵行区
闵行区古美路1388号,一级,,上海古美医院,闵行区
上海市闵行区永颂路198弄23号,一级,,上海市闵行区浦江社区卫生服务中心永康城社区卫生服务站,闵行区
上海市闵行区天山西路4178弄爱博五村101号二楼中区,一级,,上海市闵行区新虹社区卫生服务中心乐在爱博社区卫生服务站,闵行区
上海市闵行区七莘路3885弄茂盛花苑物业楼1楼,一级,,上海市闵行区新虹社区卫生服务中心茂盛花苑社区卫生服务站,闵行区
闵行区莘庄镇莘朱路190、198号,一级,,上海银都中医门诊部,闵行区
闵行区虹桥镇虹梅路2181号,一级,,上海虹桥医院,闵行区
闵行区新镇路456号,一级,,闵行区七宝社区卫生服务中心农南社区卫生服务站,闵行区
闵行区虹桥镇虹莘路3998号,一级,,上海健阳门诊部,闵行区
上海市闵行区纪翟路888号19幢西楼,二级,,上海新起点康复医院,闵行区
嘉定工业区白墙村人民760号,一级,,嘉定工业区社区卫生服务中心白墙村人民卫生室,嘉定区
嘉定工业区白墙村100号,一级,,嘉定工业区社区卫生服务中心白墙村卫生室,嘉定区
徐行镇和桥村,一级,,徐行镇社区卫生服务中心和桥村卫生室,嘉定区
徐行镇和桥村施庙,一级,,徐行镇社区卫生服务中心和桥村施庙卫生室,嘉定区
徐行镇红星村,一级,,徐行镇社区卫生服务中心红星村卫生室,嘉定区
徐行镇劳动村,一级,,徐行镇社区卫生服务中心劳动村卫生室,嘉定区
徐行镇安新村,一级,,徐行镇社区卫生服务中心安新村卫生室,嘉定区
徐行镇曹王村,一级,,徐行镇社区卫生服务中心曹王村卫生室,嘉定区
徐行镇小庙村,一级,,徐行镇社区卫生服务中心小庙村卫生室,嘉定区
徐行镇小庙村范桥,一级,,徐行镇社区卫生服务中心小庙村范桥卫生室,嘉定区
浦东新区崂山路332号B13幢,一级,,浦东新区陆家嘴社区卫生服务中心乳山路社区卫生服务站,浦东新区
东昌新村25号101-107室,一级,,浦东新区陆家嘴社区卫生服务中心东昌社区卫生服务站,浦东新区
紫槐路120号,一级,,浦东新区联洋社区卫生服务中心,浦东新区
浦东新区德州路188号,一级,,浦东新区联洋社区卫生服务中心（德州路执业点）,浦东新区
浦建路131号,一级,,浦东新区塘桥社区卫生服务中心,浦东新区
昌里东路239号,一级,,浦东新区周家渡社区卫生服务中心,浦东新区
浦东南路4801-4807号,一级,,浦东新区周家渡社区卫生服务中心上南五村社区卫生服务站,浦东新区
南码头路1380号,一级,,浦东新区周家渡社区卫生服务中心云莲社区卫生服务站,浦东新区
成山路953－957号,一级,,浦东新区周家渡社区卫生服务中心成山社区卫生服务站,浦东新区
昌里路360号,一级,,浦东新区上钢社区卫生服务中心,浦东新区
罗泾镇潘桥村,一级,,罗泾镇社区卫生服务中心潘桥村社区卫生服务站,宝山区
罗泾镇新苗村,一级,,罗泾镇社区卫生服务中心新苗村社区卫生服务站,宝山区
罗泾镇新陆村,一级,,罗泾镇社区卫生服务中心新陆村社区卫生服务站,宝山区
罗泾镇花红村,一级,,罗泾镇社区卫生服务中心花红村社区卫生服务站,宝山区
罗泾镇陈川路555弄南大门二楼,一级,,罗泾镇社区卫生服务中心宝虹家园社区卫生服务站,宝山区
罗泾镇罗宁路3030弄142号,一级,,罗泾镇社区卫生服务中心宝悦社区卫生服务站,宝山区
行知路559号,一级,,大场镇大场社区卫生服务中心大华三村社区卫生服务站,宝山区
罗店镇蔡家弄村,一级,,罗店镇社区卫生服务中心蔡家弄社区卫生服务站,宝山区
罗店镇毛家村毛家路398号,一级,,罗店镇社区卫生服务中心毛家社区卫生服务站,宝山区
罗店镇罗东路100号,一级,,罗店镇社区卫生服务中心束里桥社区卫生服务站,宝山区
上海市闵行区联友路369号,二级,,上海永慈康复医院,闵行区
上海市闵行区中春路7319号,一级,,上海忠春门诊部,闵行区
上海市闵行区金汇南路188号,一级,,上海市闵行区虹桥社区卫生服务中心锦绣江南社区卫生服务站,闵行区
闵行区绿苑路52号（临）,一级,,上海市闵行区虹桥社区卫生服务中心西郊社区卫生服务站,闵行区
上海市闵行区红松路175弄54号甲,一级,,上海市闵行区虹桥社区卫生服务中心金汇社区卫生服务站,闵行区
上海市闵行区龙柏二村114号101室-102室,一级,,上海市闵行区虹桥社区卫生服务中心龙柏二村社区卫生服务站,闵行区
上海市闵行区七莘路1318号1幢7（6）层,二级,,上海同乐口腔医院,闵行区
吴中路1100号5幢1层C座,一级,,上海万嘉中医门诊部,闵行区
吴泾镇星火村19组内,一级,,闵行区吴泾社区卫生服务中心吴泾镇星火村卫生室,闵行区
吴泾镇塘湾村,一级,,闵行区吴泾社区卫生服务中心吴泾镇塘湾村卫生室,闵行区
徐行镇石皮村,一级,,徐行镇社区卫生服务中心石皮村卫生室,嘉定区
徐行镇钱桥村朱村,一级,,徐行镇社区卫生服务中心钱桥村朱村卫生室,嘉定区
徐行镇伏虎村联民,一级,,徐行镇社区卫生服务中心伏虎村联民卫生室,嘉定区
外冈镇葛隆村690号,一级,,外冈镇社区卫生服务中心葛隆社区卫生服务站,嘉定区
外冈镇大陆村大碾路208号,一级,,外冈镇社区卫生服务中心大陆社区卫生服务站,嘉定区
外冈镇宝钱公路5528号,一级,,外冈镇社区卫生服务中心泉泾社区卫生服务站,嘉定区
外冈镇恒飞路516号,一级,,外冈镇社区卫生服务中心新苑社区卫生服务站,嘉定区
外冈镇中泉路38号,一级,,外冈镇社区卫生服务中心佳苑社区卫生服务站,嘉定区
上海市嘉定区外冈镇祁昌路363号,一级,,上海市嘉定区外冈镇社区卫生服务中心钱景苑社区卫生服务站,嘉定区
外冈镇宝钱公路5005号,一级,,外冈镇社区卫生服务中心施晋社区卫生服务站,嘉定区
德州路230弄23号102室,一级,,浦东新区上钢社区卫生服务中心德州一村社区卫生服务站,浦东新区
德州路380弄53号,一级,,浦东新区上钢社区卫生服务中心德州七村社区卫生服务站,浦东新区
上钢三村2号甲,一级,,浦东新区上钢社区卫生服务中心上钢三村社区卫生服务站,浦东新区
上钢九村28号,一级,,浦东新区上钢社区卫生服务中心上钢九村社区卫生服务站,浦东新区
西营路44弄口,一级,,浦东新区上钢社区卫生服务中心济阳社区卫生服务站,浦东新区
崂山路639号,一级,,浦东新区潍坊社区卫生服务中心,浦东新区
潍坊一村17号乙,一级,,浦东新区潍坊社区卫生服务中心一村社区卫生服务站,浦东新区
潍坊路335弄3支弄24号,一级,,浦东新区潍坊地段医院竹园社区卫生服务站,浦东新区
浦东新区灵山路885号,一级,,浦东新区洋泾社区卫生服务中心,浦东新区
莱阳路512号,一级,,浦东新区沪东社区卫生服务中心,浦东新区
罗店镇光明村,一级,,罗店镇社区卫生服务中心光明社区卫生服务站,宝山区
罗店镇石太路3605号,一级,,罗店镇社区卫生服务中心四方社区卫生服务站,宝山区
罗店镇联合村联杨路4568号,一级,,罗店镇社区卫生服务中心联合社区卫生服务站,宝山区
罗店镇远景村,一级,,罗店镇社区卫生服务中心远景社区卫生服务站,宝山区
罗店镇联杨路2758号,一级,,罗店镇社区卫生服务中心南周社区卫生服务站,宝山区
罗店镇北金村长联路220号,一级,,罗店镇社区卫生服务中心北金社区卫生服务站,宝山区
罗店镇东太东路十年路路口,一级,,罗店镇社区卫生服务中心十年社区卫生服务站,宝山区
罗店镇朱家店村东太路,一级,,罗店镇社区卫生服务中心朱家店社区卫生服务站,宝山区
罗店镇祁北东路,一级,,罗店镇社区卫生服务中心金星绿苑社区卫生服务站,宝山区
罗店镇罗东路石太路南首,一级,,罗店镇社区卫生服务中心天平社区卫生服务站,宝山区
吴泾镇永德路360弄5号101、102室,一级,,闵行区吴泾社区卫生服务中心吴泾镇友爱中心卫生室,闵行区
新虹街道陶家角村,一级,,新虹社区卫生服务中心陶家角村卫生室,闵行区
浦江镇立民村,一级,,浦江社区卫生服务中心立民村卫生室,闵行区
浦江镇勤俭村,一级,,浦江社区卫生服务中心勤俭村卫生室,闵行区
浦江镇胜利村,一级,,浦江社区卫生服务中心胜利村卫生室,闵行区
浦江镇万里村,一级,,浦江社区卫生服务中心万里村卫生室,闵行区
浦江镇联星村,一级,,浦江社区卫生服务中心联星村卫生室,闵行区
浦江镇塘口村塘浦路边,一级,,浦江社区卫生服务中心塘口中心卫生室,闵行区
浦江镇近浦村,一级,,浦江社区卫生服务中心近浦卫生室,闵行区
浦江镇芦胜村,一级,,浦江社区卫生服务中心芦胜卫生室,闵行区
嘉定工业区泾河村1087号,一级,,嘉定工业区社区卫生服务中心泾河社区卫生服务站,嘉定区
嘉定工业区赵厅村战斗868号,一级,,嘉定工业区社区卫生服务中心赵厅社区卫生服务站,嘉定区
嘉定工业区草庵村486-3号,一级,,嘉定工业区社区卫生服务中心草庵社区卫生服务站,嘉定区
嘉定区嘉安公路207号,一级,,嘉定工业区社区卫生服务中心胜辛社区卫生服务站,嘉定区
金桥路260号,一级,,浦东新区金杨社区卫生服务中心庆宁寺社区卫生服务站,浦东新区
柳埠路142弄43号,一级,,浦东新区沪东社区卫生服务中心博兴路社区卫生服务站,浦东新区
佳林路1028号,一级,,浦东新区金桥社区卫生服务中心,浦东新区
金桥路2690弄18号,一级,,浦东新区金桥社区卫生服务中心三桥社区卫生服务站,浦东新区
金杨路121号,一级,,浦东新区金杨社区卫生服务中心,浦东新区
银山路332号,一级,,浦东新区金杨社区卫生服务中心金桥分中心,浦东新区
浦东新区环林东路555号,一级,,浦东新区东明社区卫生服务中心,浦东新区
浦东新区归昌路250号,一级,,浦东新区浦兴社区卫生服务中心,浦东新区
浦东新区金葵路1100号一楼,一级,,浦东新区金桥社区卫生服务中心金葵社区卫生服务站,浦东新区
荷泽路450号,一级,,浦东新区浦兴社区卫生服务中心荷泽路分中心,浦东新区
罗店镇潘泾路1245号,一级,,罗店镇社区卫生服务中心王家社区卫生服务站,宝山区
罗店镇富南路199弄55号,一级,,罗店镇社区卫生服务中心富丽苑社区卫生服务站,宝山区
顾村镇顾陈路585号,一级,,菊泉新城社区卫生服务中心沈杨村社区卫生服务站,宝山区
顾村镇顾陈路1607号,一级,,菊泉新城社区卫生服务中心陈行村社区卫生服务站,宝山区
顾村镇潘广路995号,一级,,菊泉新城社区卫生服务中心老安村社区卫生服务站,宝山区
顾村镇陈陆路84号,一级,,菊泉新城社区卫生服务中心归王村社区卫生服务站,宝山区
顾村镇宝安公路2158号,一级,,菊泉新城社区卫生服务中心广福村社区卫生服务站,宝山区
顾村镇刘广路2200弄28号,一级,,菊泉新城社区卫生服务中心正义村社区卫生服务站,宝山区
顾村镇联杨路886弄6号,一级,,菊泉新城社区卫生服务中心沈宅村社区卫生服务站,宝山区
杨行镇北宗村杨宗路,一级,,杨行镇社区卫生服务中心北宗社区卫生服务站,宝山区
浦江镇恒星村,一级,,浦江社区卫生服务中心恒星卫生室,闵行区
浦江镇友建村,一级,,浦江社区卫生服务中心友建卫生室,闵行区
浦江镇跃农村,一级,,浦江社区卫生服务中心跃农卫生室,闵行区
浦江镇建东村,一级,,浦江社区卫生服务中心建东村卫生室,闵行区
浦江镇联民村,一级,,浦江社区卫生服务中心联民村卫生室,闵行区
浦江镇光继村,一级,,浦江社区卫生服务中心光继村卫生室,闵行区
浦江镇正义村,一级,,浦江社区卫生服务中心正义村卫生室,闵行区
浦江镇汇红村,一级,,浦江社区卫生服务中心汇红村卫生室,闵行区
浦江镇汇南村,一级,,浦江社区卫生服务中心汇南村卫生室,闵行区
浦江镇群益村,一级,,浦江社区卫生服务中心群益村卫生室,闵行区
孙桥镇横沔江路274号,一级,,浦东新区孙桥社区卫生服务中心,浦东新区
金高路180号,一级,,浦东新区高行社区卫生服务中心,浦东新区
莱阳路3322号,一级,,浦东新区高行社区卫生服务中心高南分中心,浦东新区
东高路391弄101-103号,一级,,浦东新区高行社区卫生服务中心东沟门诊部,浦东新区
龚路镇龚新路470号,一级,,浦东新区曹路社区卫生服务中心,浦东新区
顾路镇顾曹路681号,一级,,浦东新区曹路社区卫生服务中心分中心,浦东新区
合庆镇前哨路215号,一级,,浦东新区合庆镇社区卫生服务中心,浦东新区
东川公路8027号,一级,,浦东新区合庆镇社区卫生服务中心分中心,浦东新区
花木镇玉兰路96号,一级,,浦东新区花木社区卫生服务中心,浦东新区
严中路140弄32号,一级,,浦东新区花木社区卫生服务中心由由社区卫生服务站,浦东新区
富杨路460号,一级,,杨行镇社区卫生服务中心城西二村社区卫生服务站,宝山区
蕴川路1188弄38号,一级,,杨行镇社区卫生服务中心大黄社区卫生服务站,宝山区
水产西路489弄4号,一级,,杨行镇社区卫生服务中心大黄馨园社区卫生服务站,宝山区
宝杨路3115号,一级,,杨行镇社区卫生服务中心东街社区卫生服务站,宝山区
莲花山路2600弄88号2楼,一级,,杨行镇社区卫生服务中心康桥水都社区卫生服务站,宝山区
杨行镇湄浦村村民委员会,一级,,杨行镇社区卫生服务中心湄浦社区卫生服务站,宝山区
克山路1号,一级,,杨行镇社区卫生服务中心泗塘社区卫生服务站,宝山区
杨行镇西浜村泰和路1969号,一级,,杨行镇社区卫生服务中心西浜社区卫生服务站,宝山区
杨行镇友谊西路2858弄7号102室,一级,,杨行镇社区卫生服务中心东方丽都社区卫生服务站,宝山区
顾村镇朱家弄村,一级,,顾村镇社区卫生服务中心朱家弄村社区卫生服务站,宝山区
浦江镇建岗村,一级,,浦江社区卫生服务中心建岗村卫生室,闵行区
浦江镇建新村,一级,,浦江社区卫生服务中心建新村卫生室,闵行区
浦江镇联合村,一级,,浦江社区卫生服务中心联合村卫生室,闵行区
浦江镇永丰村,一级,,浦江社区卫生服务中心永丰卫生室,闵行区
浦江镇永新村,一级,,浦江社区卫生服务中心永新卫生室,闵行区
浦江镇新风村,一级,,浦江社区卫生服务中心新风卫生室,闵行区
浦江镇北徐村,一级,,浦江社区卫生服务中心北徐卫生室,闵行区
浦江镇先进村,一级,,浦江社区卫生服务中心先进卫生室,闵行区
浦江镇汇西村,一级,,浦江社区卫生服务中心汇西卫生室,闵行区
浦江镇汇东村,一级,,浦江社区卫生服务中心汇东村卫生室,闵行区
周川公路6215号,一级,,浦东新区黄楼社区卫生服务中心,浦东新区
机场镇川南奉公路3385号,一级,,浦东新区机场社区卫生服务中心,浦东新区
浦东新区东亭路762号,一级,,浦东新区江镇社区卫生服务中心,浦东新区
高桥镇江东路1236号,一级,,浦东新区凌桥社区卫生服务中心,浦东新区
浦东新区绣川路338号,一级,,浦东新区川沙社区卫生服务中心,浦东新区
唐镇创新中路75号,一级,,浦东新区唐镇社区卫生服务中心,浦东新区
高桥镇欧高路128号,一级,,浦东新区高桥社区卫生服务中心,浦东新区
王港镇虹盛路25号,一级,,浦东新区王港社区卫生服务中心,浦东新区
益江路458号,一级,,浦东新区张江社区卫生服务中心,浦东新区
孙浦路375号,一级,,浦东新区张江社区卫生服务中心环东中心村社区卫生服务站（临时）,浦东新区
顾村镇潘泾路,一级,,顾村镇社区卫生服务中心谭杨村社区卫生服务站,宝山区
宝山区顾村镇丹霞山路349号,一级,,宝山区顾村镇第三社区卫生服务中心,宝山区
浦江镇汇北村,一级,,浦江社区卫生服务中心汇北卫生室,闵行区
浦江镇汇中村丰南路68号,一级,,浦江社区卫生服务中心汇中村卫生室,闵行区
吴泾镇新建村,一级,,吴泾社区卫生服务中心新建村卫生室,闵行区
吴泾镇共和村,一级,,吴泾社区卫生服务中心共和村卫生室,闵行区
和平村5组,一级,,吴泾社区卫生服务中心和平村卫生室,闵行区
梅陇镇集心村,一级,,梅陇社区卫生服务中心集心村卫生室,闵行区
梅陇镇双柏路1388号,一级,,梅陇社区卫生服务中心曹中村卫生室,闵行区
虹梅南路2020号,一级,,梅陇社区卫生服务中心五一村卫生室,闵行区
梅陇镇曹行村4组,一级,,梅陇社区卫生服务中心曹行村中心卫生室,闵行区
梅龙镇行西村,一级,,梅陇社区卫生服务中心行西村卫生室,闵行区
莲园路271号,一级,,浦东新区北蔡社区卫生服务中心,浦东新区
绿林路222号,一级,,浦东新区北蔡社区卫生服务中心绿川社区卫生服务站,浦东新区
高东镇北新园路459号,一级,,浦东新区高东社区卫生服务中心,浦东新区
浦东新区高东镇镇南路100号,一级,,浦东新区高东社区卫生服务中心分中心,浦东新区
浦东新区高东镇光明路42弄1号甲,一级,,浦东新区高东社区卫生服务中心高东新村社区卫生服务站,浦东新区
三林路375号,一级,,浦东新区三林社区卫生服务中心,浦东新区
浦东新区新浦路297号,一级,,浦东新区迎博社区卫生服务中心,浦东新区
杨新东路28号,一级,,上海杨思医院,浦东新区
沪南公路468号,一级,,上海安达医院,浦东新区
龚路镇大码头,一级,,上海龚路精神病康复医院,浦东新区
梅陇镇永联村龙联路100号,一级,,梅陇社区卫生服务中心永联村卫生室,闵行区
北青公路832弄258号,一级,,华漕社区卫生服务中心陈家角村卫生室,闵行区
华漕镇华漕村,一级,,华漕社区卫生服务中心华漕村卫生室,闵行区
华漕镇纪东村,一级,,华漕社区卫生服务中心纪东村卫生室,闵行区
华漕镇纪王村,一级,,华漕社区卫生服务中心纪王村卫生室,闵行区
华漕镇纪西村,一级,,华漕社区卫生服务中心纪西村卫生室,闵行区
华漕镇石皮弄村,一级,,华漕社区卫生服务中心石皮弄村卫生室,闵行区
华漕镇王泥浜村,一级,,华漕社区卫生服务中心王泥浜村卫生室,闵行区
华漕镇卫星村,一级,,华漕社区卫生服务中心卫星村卫生室,闵行区
华漕镇杨家巷村,一级,,华漕社区卫生服务中心杨家巷村卫生室,闵行区
浦东新区浦东南路1525号一、二楼,一级,,上海港联门诊部,浦东新区
惠南镇拱为路2800号,二级,,上海市浦东医院,浦东新区
浦东新区周园路1500号,二级,,浦东新区周浦医院,浦东新区
周浦镇康沈路1478号,二级,,浦东新区周浦医院康桥门诊部,浦东新区
浦东新区惠南镇城西路95号,一级,,浦东新区惠南社区卫生服务中心听潮分中心,浦东新区
惠南镇东门大街43号,二级,,浦东新区光明中医医院,浦东新区
惠南镇城北路43号,二级,,浦东新区南汇精神卫生中心,浦东新区
川周公路2607号,二级,,上海市民政第二精神卫生中心,浦东新区
惠南镇人民东路3030号,二级,,浦东新区妇幼保健所,浦东新区
宣桥镇张家桥路119号,二级,,浦东新区老年医院,浦东新区
华漕镇赵家村,一级,,华漕社区卫生服务中心赵家村卫生室,闵行区
华漕镇朱家泾村,一级,,华漕社区卫生服务中心朱家泾村卫生室,闵行区
华漕镇诸翟村卫,一级,,华漕社区卫生服务中心诸翟村卫生室,闵行区
颛桥镇北桥村,一级,,颛桥社区卫生服务中心北桥村卫生室,闵行区
颛桥镇向阳村,一级,,颛桥社区卫生服务中心向阳村卫生室,闵行区
颛桥镇中心村,一级,,颛桥社区卫生服务中心中心村卫生室,闵行区
莘庄镇绿梅三村,一级,,莘庄社区卫生服务中心莘北村卫生室,闵行区
莘庄镇疏影路693号乙,一级,,莘庄社区卫生服务中心东吴村卫生室,闵行区
莘庄镇莘朱路488号,一级,,莘庄社区卫生服务中心莘联中心卫生室,闵行区
七宝镇新龙村,一级,,七宝社区卫生服务中心新龙村卫生室,闵行区
浦东新区康桥镇康弘路565号,一级,,浦东新区康桥社区卫生服务中心,浦东新区
书院镇新卫路6号,一级,,浦东新区书院社区卫生服务中心,浦东新区
书院镇芸香路38号,一级,,浦东新区书院社区卫生服务中心南分中心,浦东新区
万祥镇万和路185号,一级,,浦东新区万祥社区卫生服务中心,浦东新区
宣桥镇沪南公路8719号,一级,,浦东新区宣桥社区卫生服务中心,浦东新区
宣桥镇下盐公路3693号,一级,,浦东新区宣桥社区卫生服务中心三灶分中心,浦东新区
浦东新区惠南镇观海路259号,一级,,浦东新区惠南社区卫生服务中心,浦东新区
老港镇鑫盛路13号,一级,,浦东新区老港社区卫生服务中心,浦东新区
泥城镇南芦公路1843号,一级,,浦东新区泥城社区卫生服务中心,浦东新区
泥城镇马五公路525号,一级,,浦东新区泥城社区卫生服务中心彭镇分中心,浦东新区
七宝镇沪星村,一级,,七宝社区卫生服务中心沪星村卫生室,闵行区
七宝镇友谊村,一级,,七宝社区卫生服务中心友谊村卫生室,闵行区
七宝镇九星村,一级,,七宝社区卫生服务中心九星村卫生室,闵行区
七宝镇中华村,一级,,七宝社区卫生服务中心中华村卫生室,闵行区
七宝镇七宝村,一级,,七宝社区卫生服务中心七宝村卫生室,闵行区
马桥镇金星村村民委员会,一级,,马桥社区卫生服务中心金星中心卫生室,闵行区
马桥镇吴会村村民委员会,一级,,马桥社区卫生服务中心吴会村卫生室,闵行区
马桥镇友好村村民委员会,一级,,马桥社区卫生服务中心友好村卫生室,闵行区
马桥镇俞塘村,一级,,马桥社区卫生服务中心俞塘村卫生室,闵行区
马桥镇星星村,一级,,上海市闵行区马桥社区卫生服务中心元祥社区卫生服务站,闵行区
周浦镇沈梅东路163号,一级,,浦东新区周浦社区卫生服务中心,浦东新区
周浦镇瓦屑老街148号,一级,,浦东新区周浦社区卫生服务中心瓦屑分中心,浦东新区
祝桥镇川南奉公路5009号,一级,,浦东新区祝桥社区卫生服务中心,浦东新区
浦东新区朝阳农场,一级,,浦东新区祝桥社区卫生服务中心朝阳分中心,浦东新区
祝桥镇川南奉公路5729号,一级,,浦东新区祝桥社区卫生服务中心盐仓分中心,浦东新区
祝桥镇盐朝公路867号,一级,,浦东新区祝桥社区卫生服务中心东海分中心,浦东新区
老港镇滨海通源东路15号,一级,,浦东新区老港社区卫生服务中心滨海分中心,浦东新区
芦潮港镇果园路145弄48号,一级,,浦东新区芦潮港社区卫生服务中心,浦东新区
南汇芦潮港农场,一级,,浦东新区芦潮港社区卫生服务中心芦农分中心,浦东新区
浦连路383号,一级,,闵行区浦江社区卫生服务中心浦航分中心,闵行区
龙州南路285号,一级,,闵行区梅陇社区卫生服务中心朱行分中心,闵行区
马桥镇彭杜村十组,一级,,马桥社区卫生服务中心邻松中心卫生室,闵行区
马桥镇旗忠村,一级,,马桥社区卫生服务中心旗忠村卫生室,闵行区
姚虹路108弄2号,一级,,虹桥社区卫生服务中心振虹中心卫生室,闵行区
虹莘路3799号,一级,,虹桥社区卫生服务中心井亭中心卫生室,闵行区
虹梅路3321弄综合楼1楼乙,一级,,虹桥社区卫生服务中心红春中心卫生室,闵行区
合川路2870号201室（乙）,一级,,虹桥社区卫生服务中心新桥中心卫生室,闵行区
